name,layer_guess_reordered
AAACAAGTATCTCCCA-1,3
AAACACCAATAACTGC-1,2
AAACAGAGCGACTCCT-1,1
AAACAGCTTTCAGAAG-1,2
AAACAGGGTCTATATT-1,2
AAACCGGGTAGGTACC-1,5
AAACCGTTCGTCCAGG-1,4
AAACCTAAGCAGCCGG-1,2
AAACCTCATGAAGTTG-1,5
AAACGAGACGGTTGAT-1,1
AAACGGTTGCGAACTG-1,6
AAACTCGGTTCGCAAT-1,3
AAACTGCTGGCTCCAA-1,3
AAACTTGCAAACGTAT-1,2
AAAGACCCAAGTCGCG-1,1
AAAGACTGGGCGCTTT-1,5
AAAGGCTACGGACCAT-1,7
AAAGGGATGTAGCAAG-1,1
AAAGGGCAGCTTGAAT-1,1
AAAGTAGCATTGCTCA-1,4
AAAGTCACTGATGTAA-1,2
AAAGTCGACCCTCAGT-1,5
AAAGTGTGATTTATCT-1,4
AAAGTTGACTCCCGTA-1,4
AAATAACCATACGGGA-1,3
AAATACCTATAAGCAT-1,3
AAATCCGATACACGCC-1,2
AAATCGTGTACCACAA-1,3
AAATCTAGCCCTGCTA-1,3
AAATGCTCGTTACGTT-1,7
AAATGGCATGTCTTGT-1,3
AAATGGCCCGTGCCCT-1,2
AAATGGTCAATGTGCC-1,7
AAATTAACGGGTAGCT-1,3
AAATTACACGACTCTG-1,7
AAATTACCTATCGATG-1,1
AAATTGATAGTCCTTT-1,1
AAATTTGCGGGTGTGG-1,5
AACAACTGGTAGTTGC-1,2
AACAATACATTGTCGA-1,4
AACAATTACTCTACGC-1,8
AACACACGCTCGCCGC-1,4
AACACGACTGTACTGA-1,2
AACACGAGACGCGGCC-1,2
AACAGCTGTGTGGCAA-1,4
AACAGGAAATCGAATA-1,3
AACAGGATGGGCCGCG-1,5
AACAGGTAGTATGGAT-1,1
AACATATCAACTGGTG-1,4
AACATTGTGACTCGAG-1,7
AACCAAGACTTCTCTG-1,2
AACCATGGGATCGCTA-1,6
AACCCAGAGACGGAGA-1,1
AACCCGACAACCCGTG-1,1
AACCCTACTGTCAATA-1,1
AACCCTGGTGGAACCA-1,1
AACCGAGCTTGGTCAT-1,1
AACCGCTAAGGGATGC-1,4
AACCGTTGTGTTTGCT-1,5
AACCTCGCTTTAGCCC-1,2
AACCTTTAAATACGGT-1,1
AACCTTTACGACGTCT-1,3
AACGATAATGCCGTAG-1,3
AACGATAGAAGGGCCG-1,1
AACGATATGTCAACTG-1,3
AACGCATGATCTGGGT-1,2
AACGCGACCTTGGGCG-1,3
AACGCGGTCTCCAGCC-1,1
AACGCTGTTGCTGAAA-1,4
AACGGACGTACGTATA-1,4
AACGGCCATCTCCGGT-1,1
AACGTACTGTGGGTAC-1,5
AACGTCAGACTAGTGG-1,1
AACGTGATGAAGGACA-1,1
AACGTGCGAAAGTCTC-1,1
AACTACCCGTTTGTCA-1,6
AACTAGGCTTGGGTGT-1,1
AACTCAAGTTAATTGC-1,6
AACTCCAGAGCGTGTT-1,2
AACTCTCAATAGAGCG-1,3
AACTCTCAGTGTGCTC-1,4
AACTGATATTAGGCCT-1,1
AACTGGGTCCCGACGT-1,6
AACTTGCCCGTATGCA-1,5
AAGACCCAACTGAACA-1,7
AAGACTGCAAGCTACT-1,4
AAGAGATGAATCGGTA-1,5
AAGAGCTCTTTATCGG-1,2
AAGAGGATGTACGCGA-1,6
AAGAGGCATGGATCGC-1,5
AAGATTGGCGGAACGT-1,2
AAGCACCCTGCGTATC-1,3
AAGCATACTCTCCTGA-1,8
AAGCCGAAGCGGTTTA-1,1
AAGCGCAGGGCTTTGA-1,1
AAGCGTCCCTCATCGA-1,1
AAGCTAGATCGAGTAA-1,2
AAGCTCGTGCCAAGTC-1,1
AAGCTCTTTCATGGTG-1,7
AAGGAGCGGTTGGTGC-1,1
AAGGATCGATCGCTTG-1,6
AAGGATGAGGGACCTC-1,1
AAGGCGCGTAAAGCTT-1,1
AAGGCTGTGCTCATCG-1,3
AAGGGACAGATTCTGT-1,1
AAGGGACTATGCATTC-1,4
AAGGTATCCTAATATA-1,6
AAGGTGATAAACCAGC-1,4
AAGTAGAAGACCGGGT-1,1
AAGTAGTGACGCGAGG-1,1
AAGTCAATTGTCGTCA-1,4
AAGTGACGACCGAATT-1,2
AAGTGAGTCGGGTTTA-1,7
AAGTGCCTTGACTGTA-1,1
AAGTGCGTTAGAATCT-1,2
AAGTGTTTGGAGACGG-1,7
AAGTTCACTCCAAGCT-1,3
AAGTTCAGTCTGCGTA-1,8
AAGTTCGGCCAACAGG-1,1
AAGTTTATGGGCCCAA-1,2
AATAACAACGCTCGGC-1,6
AATAACACTAGAACAA-1,5
AATACCGGAGGGCTGT-1,2
AATAGAACAGAGTGGC-1,4
AATAGAATCTGTTTCA-1,4
AATATCAAGGTCGGAT-1,2
AATATCGAATCAATGC-1,1
AATATCGAGGGTTCTC-1,4
AATATTGGAGTATTGA-1,5
AATCATGTAAAGACTC-1,4
AATCCAAGGGCCTGAG-1,7
AATCGCCTCAGCGCCA-1,1
AATCGCGCAGAGGACT-1,3
AATCGGGACACTACGA-1,7
AATCGTGAGCCGAGCA-1,2
AATCTAGGTTTACTTG-1,5
AATCTATGCCGGAGCC-1,2
AATCTCTACTGTGGTT-1,4
AATCTGCGTTGGGACG-1,4
AATCTGGCTTTCTAGT-1,2
AATGACAGCAATGTCT-1,2
AATGACGTAGGATGTC-1,1
AATGACTGTCAGCCGG-1,7
AATGATGATACGCTAT-1,1
AATGATGCGACTCCTG-1,2
AATGCAACCGGGTACC-1,4
AATGCACCAAGCAATG-1,1
AATGGTCCACCGTTCA-1,5
AATGGTTCTCACAAGC-1,6
AATGTGCCCGAGGTGT-1,4
AATTAAAGGTCGGCGT-1,3
AATTAGCGCTGCAGCG-1,2
AATTCATAAGGGATCT-1,3
AATTCCAAGCATGTAC-1,3
AATTCGATTCGAGGAT-1,1
AATTCTAGAGTTAGGC-1,3
AATTGAACGCTCTGGT-1,4
AATTTGGGACATAGTA-1,6
AATTTGGTTCCAAAGA-1,4
ACAAATCGCACCGAAT-1,3
ACAAATGGTAGTGTTT-1,4
ACAACAGCATGAGCTA-1,1
ACAACGGTCCCTGCGA-1,1
ACAAGCAGTGCCTAGC-1,5
ACAAGGAAATCCGCCC-1,8
ACAAGGACAAGAGGTT-1,5
ACAAGGATGCTTTAGG-1,8
ACAAGGGCAGGCTCTG-1,1
ACAATAGTCGTACGTT-1,2
ACAATCCATTTAAACC-1,6
ACAATGAATACGGAGA-1,3
ACAATTGTGTCTCTTT-1,4
ACAATTTGAGCAGTGG-1,1
ACACAAAGACGGGTGG-1,5
ACACACCAGGACCAGT-1,4
ACACACTTTCTACACG-1,3
ACACCCAGCATGCAGC-1,1
ACACCCGAGAAATCCG-1,6
ACACCTTAAGTAGGGC-1,5
ACACCTTACTACTTGC-1,6
ACACGAGACTCCTTCT-1,1
ACACGGGAACTTAGGG-1,1
ACACTGATCAAGGTGT-1,2
ACAGAACTGAGAACAA-1,2
ACAGATTAGGTTAGTG-1,1
ACAGCATAGAGCCAGT-1,2
ACAGCGACATTCTCAT-1,2
ACAGCGCACCCGCAGC-1,1
ACAGGTGGAGGTGAGG-1,2
ACAGTAATACAACTTG-1,8
ACATAATAAGGCGGTG-1,6
ACATCAGCTGGGACGC-1,5
ACATCCCGGCCATACG-1,3
ACATCCTGGTAACTGT-1,1
ACATCGATCGTTTACC-1,1
ACATCGGTCAGCCGCG-1,7
ACATCGTATGCAATGG-1,2
ACATCGTTAACCTAGT-1,5
ACATGGCGCCAAAGTA-1,3
ACATTAGTTTATATCC-1,2
ACCAACGCTTATTTAT-1,1
ACCAAGAACGCGTGTC-1,3
ACCAATATGCAAGTTA-1,7
ACCACAAGTTTCTATC-1,3
ACCACCAATGTAACAA-1,1
ACCACGTGCAGCTATA-1,8
ACCAGTGCGGGAGACG-1,4
ACCATATCCGCAATAA-1,4
ACCATCCGCCAACTAG-1,2
ACCATCGTATATGGTA-1,3
ACCCAACGCCCGTGGC-1,3
ACCCACCTACATGCTC-1,5
ACCCATTTGTCCCTCT-1,2
ACCCGAGCGAAATTAC-1,4
ACCCGGAAACTCCCAG-1,3
ACCCGGATGACGCATC-1,3
ACCCGGTTACACTTCC-1,3
ACCCGTGTCATCAGTA-1,7
ACCCTCCCTTGCTATT-1,4
ACCCTTCATCTGCGAA-1,3
ACCGAAAGGGCCCTGC-1,2
ACCGACTGAGTCCCAC-1,1
ACCGATGGTAGCATCG-1,1
ACCGCGGTGGAAGTCG-1,6
ACCGGGCCTTTGTTGA-1,4
ACCTAAGTACCTTTCA-1,2
ACCTAATCGACTTCCT-1,5
ACCTACAGTATGTGGT-1,6
ACCTACTATAAATCTA-1,1
ACCTCCGTTATTCACC-1,2
ACCTGCGTGTCATGTT-1,2
ACGAAATGGGCGGCAC-1,2
ACGACTGGTCATACTC-1,1
ACGAGATATTTGCTTA-1,2
ACGAGGATACCACTCT-1,2
ACGAGTACGGATGCCC-1,4
ACGATACATAGAACTA-1,3
ACGATCATACATAGAG-1,1
ACGATCATCTTGTAAA-1,4
ACGATGCATATGTTAT-1,6
ACGATGGATCCGATGC-1,1
ACGCAATCACTACAGC-1,2
ACGCATACGTTTACTA-1,7
ACGCATTCGTGAGTAC-1,3
ACGCCAGATGATTTCT-1,6
ACGCCGCTAGACGACC-1,3
ACGCGAAGTCAGACGA-1,5
ACGCGCTACACAGGGT-1,6
ACGCGGGCCAAGGACA-1,3
ACGCTAGTGATACACT-1,4
ACGCTGTGAGGCGTAG-1,5
ACGGAATTTAGCAAAT-1,2
ACGGACTCTCAAAGCG-1,3
ACGGATGGTGCGGATA-1,7
ACGGCACTTGCTTGGG-1,2
ACGGCCAACATGGACT-1,1
ACGGCGACGATGGGAA-1,1
ACGGGAGTGTCGGCCC-1,8
ACGTACAGATTTCTCT-1,4
ACGTAGATTGCTGATG-1,4
ACGTATTACTCCGATC-1,1
ACGTGCGCCTCGTGCA-1,3
ACGTTAATGTCGAAGA-1,1
ACGTTAGATTTGCCCG-1,7
ACGTTCCGCGCTCCGT-1,2
ACGTTCGCAATCAATT-1,2
ACGTTCGTTCAGGAAA-1,7
ACGTTTAGTTGTGATC-1,3
ACTACCAGCTCTCTGG-1,5
ACTACGCGTTAGAATT-1,7
ACTAGTTGCGATCGTC-1,3
ACTATTCGTCCGTGGT-1,3
ACTATTTCCGGGCCCA-1,7
ACTCAAGTGCAAGGCT-1,2
ACTCAATAAAGGCACG-1,1
ACTCAGACCTGCTTCT-1,2
ACTCCAATATCATCAT-1,5
ACTCCCATTCCTAAAG-1,2
ACTCCCGAATTCGTTT-1,3
ACTCCCTAATGCTAAA-1,6
ACTCCCTAGAATAGTA-1,6
ACTCGTAACCCGTCCT-1,2
ACTCGTCAGTAATCCC-1,1
ACTCTCTGACTTAGGT-1,3
ACTCTTGTATAGTAAC-1,4
ACTGAAACGCCGTTAG-1,2
ACTGAATGGCGAAAGT-1,4
ACTGCCGTCGTAACTC-1,3
ACTGTACGATACACAT-1,5
ACTGTAGCACTTTGGA-1,5
ACTGTATACGCGAGCA-1,5
ACTGTCCAGGATTATA-1,3
ACTGTCTTCTTTAGAA-1,3
ACTGTGCTAGTAGATC-1,6
ACTTAGTACGACAAGA-1,6
ACTTATACTTACCCGG-1,1
ACTTATTAGGATCGGT-1,7
ACTTATTTATGTGCCA-1,4
ACTTCCATGCGGGACA-1,8
ACTTCGCCATACGCAC-1,1
ACTTGACTCCCTCTTT-1,1
ACTTGGGACCCGGTGG-1,3
ACTTGTAGTCCCTTCA-1,2
ACTTGTGGATGGAACG-1,4
ACTTTACCCTCATGAA-1,1
ACTTTCCTATAGCTTC-1,2
ACTTTGACTGCATCCT-1,8
AGAACGTGGTACATTC-1,1
AGAAGAGCGCCGTTCC-1,7
AGAAGGTACACTTCAC-1,2
AGAAGGTTGCCGAATT-1,6
AGAAGGTTGTAGGTCG-1,3
AGAAGTGATTCGTGAT-1,5
AGAATAAATCTTCAGG-1,8
AGAATTATGGATTCGA-1,4
AGAATTGTTTGACATA-1,7
AGACCATGGGATACAA-1,5
AGACCCACCGCTGATC-1,3
AGACCCGCCCTCCTCG-1,2
AGACCGGGAAACCCTG-1,8
AGACGAAGTGCCGGTC-1,4
AGACGACGATGCCGCT-1,4
AGACTAGCCTTCCAGA-1,1
AGACTGTTACCGGGTC-1,7
AGAGAACCGTCTAGGA-1,2
AGAGAAGGAGTACAAT-1,4
AGAGATCTCTAAAGCG-1,2
AGAGCAGTTATGAGAC-1,5
AGAGCGGGCTAATCAT-1,3
AGAGCGTACAAGCTCG-1,5
AGAGGCTTCGGAAACC-1,3
AGAGTAAACTTCACTA-1,1
AGATAACTTCAGGGCC-1,3
AGATACGACTTCATAT-1,5
AGATACTCAAGATCGA-1,4
AGATATAATACGACTA-1,3
AGATCGTGCATAAGAT-1,2
AGATCTCAGGTGTGAT-1,8
AGATGACTCGCCCACG-1,3
AGATGATGGAGTCTGG-1,3
AGATGCAAGACGTGCA-1,4
AGATTATAGGACGTTT-1,4
AGATTCACAACCGATA-1,8
AGCAAAGGCCGCTAGT-1,3
AGCAACATATCTTATT-1,1
AGCAACCGAAAGTAAT-1,2
AGCACCAGTACTCACG-1,4
AGCACTACCGGCCTGT-1,5
AGCACTACCTCACCAG-1,7
AGCACTTAAGGACGCC-1,1
AGCAGAAGGAGAAAGA-1,3
AGCATATCAATATGCT-1,4
AGCATCATTTCGAAAG-1,2
AGCATCGTCGATAATT-1,2
AGCCAAGCTTTGTGTC-1,7
AGCCACAGGTTACCCG-1,4
AGCCACTCCCGTGCTT-1,3
AGCCCATACATGTAAG-1,2
AGCCCGCAACAAGCAG-1,2
AGCCCGGTAGCCTGTA-1,7
AGCCCTAAGCGAAGTT-1,3
AGCCCTTCTAATCCGA-1,2
AGCCGTGGCTAAATGT-1,2
AGCCTAATACCCACGT-1,2
AGCGACAGGAACGGTC-1,4
AGCGACATCCCATTCA-1,7
AGCGACCAACGATATT-1,2
AGCGCGGGTGCCAATG-1,1
AGCGGACACTTCGTAG-1,7
AGCGGCGGTTAGCGGT-1,2
AGCGGGAAGGGTCCAT-1,5
AGCGGGTCTGACACTC-1,3
AGCGTGGTATTCTACT-1,3
AGCTAACAAGCAATGT-1,2
AGCTAAGTACGCAGGC-1,8
AGCTAGAAGCAGAAGT-1,2
AGCTATTTAATCCAAC-1,6
AGCTCTAGACGTTCCA-1,4
AGCTCTTCCCAGTGCA-1,3
AGCTCTTTACTCAGTT-1,1
AGCTGAAGTAAACCAA-1,3
AGCTGTAACCTCAATC-1,4
AGCTTGATCTTAACTT-1,2
AGGAAGCTGTCCGCCG-1,4
AGGACAGTCGAATCCC-1,4
AGGACATCGCACGTCG-1,5
AGGACGACCCATTAGA-1,6
AGGACGCTCGATGTTG-1,8
AGGAGGCCTTCGCGCG-1,1
AGGATAAAGTCGGGAT-1,2
AGGATATAGGGATTTA-1,4
AGGATCACGCGATCTG-1,2
AGGCAGATGCGTAAAC-1,1
AGGCAGGGAGCGTACT-1,7
AGGCATTGTCGTAGGG-1,1
AGGCCACCCGTTATGA-1,5
AGGCCCATTGTACAGG-1,1
AGGCCCTAGAACGCCA-1,2
AGGCCTGAGAATCTCG-1,2
AGGCTATGGTTAGCTT-1,8
AGGCTTCCCGAAGAAG-1,2
AGGGAAACGAGGTACT-1,3
AGGGACCGGCTGCGTT-1,1
AGGGAGACATACTTCG-1,2
AGGGCAGCGGCGTGGT-1,5
AGGGCGAGCAGCTGAT-1,2
AGGGCGTGATCGGCTA-1,3
AGGGCTGCAGTTACAG-1,4
AGGGTCAGAGCACTCG-1,2
AGGGTGCCGTTCTTTA-1,6
AGGGTGCTCTCGAGGG-1,3
AGGGTGGATAGTGCAT-1,2
AGGGTTCAGACGGTCC-1,2
AGGGTTCCCTTTGGTT-1,4
AGGGTTTAGTTCGGGA-1,3
AGGTAACCTCCTATTC-1,6
AGGTACGATATTGCCA-1,3
AGGTAGATCGAGATAT-1,1
AGGTAGGTACAAAGCT-1,6
AGGTATAATTGATAGT-1,1
AGGTCGCGGAGTTACT-1,4
AGGTGGTGACCTTCGC-1,7
AGGTGTATCGCCATGA-1,5
AGGTTGAGGCACGCTT-1,1
AGGTTTCACACACCTT-1,3
AGTAATGTCTTGCCGC-1,7
AGTACATCATTTATCA-1,2
AGTACGGCCCGTATCG-1,5
AGTACGGGCACCTGGC-1,6
AGTACTCTTATGCCCA-1,4
AGTAGGAAGGAAGTTG-1,2
AGTATAATACTAGGCA-1,5
AGTATGCTGGAGACCA-1,4
AGTATTTGGCACGACC-1,7
AGTCAACACCACCATC-1,3
AGTCAAGATGACACTT-1,4
AGTCACTAGCTCTCGA-1,1
AGTCAGCCACCGCCTG-1,5
AGTCCATTGGCTGATG-1,1
AGTCCCGCCTTTAATT-1,6
AGTCGACGGTCTCAAG-1,1
AGTCGGCCCAAACGAC-1,8
AGTCGGCTCAACTTTA-1,2
AGTCGGTTGCGTGAGA-1,6
AGTCGTATAAAGCAGA-1,2
AGTCGTCGACCACCAA-1,4
AGTCGTGGGCATTACG-1,4
AGTCTAAAGTATACTC-1,4
AGTCTCACAAGACTAC-1,4
AGTCTTCTCCTCAAAT-1,1
AGTCTTTAAAGTGTCC-1,2
AGTGAACAAACTTCTC-1,4
AGTGACCTACTTTACG-1,7
AGTGAGACTTCCAGTA-1,1
AGTGAGCCTCGCCGCC-1,3
AGTGATAACCTGCGCG-1,2
AGTGATATGAGTAGTT-1,7
AGTGATTCAAGCAGGA-1,3
AGTGCACGCTTAAGAA-1,4
AGTGCGTAGCTCGTAA-1,6
AGTGCTAAACACAGCA-1,2
AGTGCTTGCACGAATA-1,3
AGTGGCGGCAATTTGA-1,8
AGTGGCGTCTGAAGGT-1,4
AGTGGCTCCGTCGGCC-1,4
AGTGGTGTTACCCGTG-1,2
AGTGGTTGCGTATAGG-1,8
AGTGTATTGCGCATTG-1,1
AGTGTGGTCTATTGTG-1,2
AGTTAAACACTTGCGA-1,6
AGTTAAGCGGTCCCGG-1,7
AGTTAAGTCAACCGCT-1,2
AGTTACTCTATCGTGG-1,3
AGTTCCTACAGAATTA-1,3
AGTTCCTATTTATGTT-1,3
AGTTGACGGTCCTTGC-1,3
AGTTTCGCAGGTCGGA-1,5
AGTTTGCACCTGCCTC-1,1
AGTTTGGCACGGGTTG-1,8
AGTTTGGCCAGACCTA-1,2
ATAAACGGACCCGTAA-1,3
ATAAAGGCTCGGTCGT-1,7
ATAAATATTAGCAGCT-1,5
ATAACGCCGGAGGGTC-1,1
ATAACGGAGTCCAACG-1,1
ATAAGGTGGAGAACAT-1,2
ATAAGTAGGATTCAGA-1,1
ATAAGTTACCGCGACG-1,3
ATAATAGCTGTTGAAT-1,3
ATAATAGTGTAGGGAC-1,4
ATAATCTTGGAGAACC-1,3
ATAATTAGCTAAGTAG-1,3
ATACAGGCCCTCCAAT-1,1
ATACCACGGGCAACTT-1,5
ATACCAGGCTAATAGA-1,2
ATACGCCGGCGAAACC-1,1
ATACGGAACGTCGTTT-1,2
ATACGGGTTTCGATTG-1,3
ATACGGTGAAGATGCA-1,3
ATACGTACTTAGCCAC-1,7
ATACGTCCACTCCTGT-1,4
ATACTAGCATGACCCT-1,6
ATACTGCCTTACACCG-1,1
ATACTTGTTCTCGAGC-1,2
ATAGACAACGGGACCT-1,1
ATAGACGAAGAGAAAG-1,3
ATAGAGTACTGGGACA-1,1
ATAGAGTTATCAACTT-1,3
ATAGGCGGCTATAGAA-1,6
ATAGGCTAGCTTCGCA-1,2
ATAGGGATATCCTTGA-1,1
ATAGGTTGGGCAGATG-1,2
ATAGTGAAGCGTTCTC-1,3
ATAGTTCCACCCACTC-1,3
ATATAAAGCGCTCGTG-1,3
ATATAAATGTAGCTGC-1,3
ATATCGGTAGGGAGAT-1,6
ATATCGTTCCTCGAAC-1,4
ATATCTCCCTCGTTAA-1,3
ATATCTTAGGGCCTTC-1,3
ATATGTCTCCCTAGCC-1,3
ATATTCAGTTAAACCT-1,6
ATATTCCCACAGGTCA-1,2
ATATTGCTGTCAAAGT-1,6
ATATTTAACCCTCAAG-1,3
ATCAAACACTGTTCCA-1,1
ATCAAACGAAGGTTTG-1,5
ATCAATCTGGGCTGCA-1,1
ATCACGTGCTAATTAA-1,6
ATCACTTCATCCTCGC-1,1
ATCAGACGGCACGCCG-1,6
ATCAGCCTCATGCTGC-1,4
ATCAGCTCGTCCACTA-1,2
ATCAGTAGGCAGGGAT-1,3
ATCCAACGCAGTCATA-1,8
ATCCAATGGAGGGTCC-1,5
ATCCAATGGTACCGAA-1,8
ATCCACATCGACAGAA-1,3
ATCCAGAGCAACAACC-1,8
ATCCAGGATTCGTGAA-1,6
ATCCTACCTAAGCTCT-1,3
ATCCTGAATCGCTGCG-1,5
ATCCTGCGTGGAATGG-1,3
ATCGACCCAATACAGA-1,1
ATCGACTCTTTCCGTT-1,1
ATCGCACGCCGGGAGA-1,1
ATCGCCAGTCAACATT-1,6
ATCGGCAAGCAGTCCA-1,1
ATCGGTTACCTAGTAA-1,5
ATCGTTAGCTAGCGGA-1,2
ATCTAATATCCTACGG-1,1
ATCTAGCTTGTGAGGG-1,1
ATCTCCCTGCAATCTA-1,1
ATCTGACATGGAAGGA-1,4
ATCTGCACCTCTGCGA-1,4
ATCTGCTGTTATCGCC-1,3
ATCTGGTTAAGACTGT-1,1
ATCTGTAATTGTACCC-1,3
ATCTTGACCTGCAACG-1,5
ATCTTGACTTGTCCAA-1,5
ATGAAGCCAAGGAGCC-1,1
ATGACGCCGGCTCTAA-1,7
ATGACGCGTTCTATCC-1,4
ATGACTATCAGCTGTG-1,7
ATGACTATGCGACATT-1,4
ATGAGGAGTGTTAATC-1,5
ATGATCGGGAATAGAC-1,1
ATGATGCAATGGTACA-1,7
ATGCACTACCGCATTG-1,2
ATGCATGATCCAGGAT-1,1
ATGCCATTTGCGACCA-1,4
ATGCCGGTCTTGCATA-1,1
ATGCCGGTTGATGGGA-1,7
ATGCGACAGTCCCATT-1,3
ATGCGAGTCCCACCAC-1,4
ATGCTCAGTGTTGCAT-1,1
ATGCTCTGGCGCGGTA-1,1
ATGGAGCAGGCCGTGA-1,4
ATGGATCCGGCGTCCG-1,4
ATGGATTGACCAAACG-1,5
ATGGCAGCCGAGAAAC-1,5
ATGGGACCTGCTGAAC-1,4
ATGGGCCTCGGCCTCT-1,4
ATGGTCGCGTGGTTTC-1,4
ATGTAAGGCTGCTCTT-1,8
ATGTACGATGACGTCG-1,3
ATGTAGCGCGCGTAGG-1,2
ATGTGCATCCGACGCA-1,5
ATGTGGACATCTTGAT-1,3
ATGTTACGAGCAATAC-1,1
ATGTTCGTCGACCCAC-1,3
ATGTTGTAGTCTGTTT-1,7
ATTAAACATGCGGACC-1,3
ATTAATACTACGCGGG-1,1
ATTAATGAACCAGTCG-1,3
ATTAATTCGGTCACTC-1,3
ATTACAACTACCGGCC-1,6
ATTACATGTCAGTCTT-1,1
ATTACGCGCTGGCAGG-1,6
ATTACTAGCCTCTTGC-1,1
ATTACTTACTGGGCAT-1,2
ATTAGATTCCTCAGCA-1,5
ATTAGATTGATAGCGG-1,1
ATTAGGCGATGCTTTC-1,4
ATTATACTTTGCTCGT-1,4
ATTATCGGAATGTACG-1,2
ATTATCTCGACAGATC-1,7
ATTATGCCATAGGGAG-1,1
ATTCAACCATTTAAGG-1,3
ATTCACTGATGTTGGA-1,1
ATTCAGGACCTATTTC-1,2
ATTCAGTAGCAGGGTC-1,8
ATTCATATACTGTCCA-1,1
ATTCATCGTTGAGGCA-1,2
ATTCCCACATAAACAA-1,5
ATTCCTCCGCCAGTGC-1,6
ATTCGACGCCGGGCCT-1,5
ATTCGTGCTATCTCTT-1,6
ATTGAAGATCTTAGTG-1,3
ATTGACGTAACTCGGT-1,1
ATTGATGAGTCCTAAC-1,4
ATTGCCTTTATGTTTG-1,2
ATTGCTGCTCCTCCAT-1,6
ATTGGATTACAGCGTA-1,4
ATTGTACAACTCGGCT-1,4
ATTGTCGCAATACCTT-1,7
ATTTACAGTTTACTGG-1,5
ATTTACTAAGTCCATT-1,5
ATTTCATTATTTCGCG-1,3
ATTTCCGGGTTCTGCG-1,4
ATTTGCGCGAGTAGCT-1,1
ATTTGTCTTGGGAGCT-1,1
ATTTGTTCCAGGGCTC-1,6
CAAACGAGTATCGCAG-1,1
CAAACGGTCGCACTTT-1,5
CAAACTACGATAGAGA-1,3
CAAACTATTGAGCTTC-1,5
CAAACTCGCGACGCCG-1,6
CAAAGATTATTGGGCC-1,4
CAAATCTCTCACAAGG-1,2
CAAATTGTCAGCAAGC-1,3
CAACGACCCGTTTACA-1,1
CAACGGTTCTTGATAC-1,6
CAACTATATCGAATGC-1,7
CAACTCCTTGATCCCG-1,1
CAACTGCTCATCCGAT-1,7
CAACTTGTAGTGGGCA-1,2
CAAGAGGGCGGAGTAC-1,3
CAAGATATTATAACGT-1,4
CAAGCAACGTCGGAGT-1,6
CAAGCACCAAATGCCT-1,3
CAAGCGGCACATAATT-1,3
CAAGGATCGCATGTTC-1,1
CAAGGTCCTATAGGCT-1,2
CAAGTAAGTGATAGAC-1,8
CAAGTGTGGTTGCAAA-1,2
CAATAAACCTTGGCCC-1,1
CAATACGCTCTGAGGC-1,4
CAATATTCTTGACCTA-1,3
CAATCCCTATACCAGC-1,6
CAATGCGAGAAGTATC-1,7
CAATGGATCTCTACCA-1,3
CAATGTGCCAACCCTT-1,6
CAATTAAGGGTGATGA-1,1
CAATTTCGTATAAGGG-1,1
CACAATGAGCTGCTAT-1,7
CACACACGCTAACGAG-1,4
CACACAGGGATAGATT-1,5
CACAGCACCCACGGCA-1,1
CACAGCTAGGGAGTGA-1,3
CACAGGGCCATATAGT-1,4
CACAGGGCCGTTGTCA-1,7
CACATATTAGCAGGAT-1,3
CACATGATTCAGCAAC-1,4
CACATTCTTTCGATGG-1,3
CACATTTCTTGTCAGA-1,6
CACCACGCCACACAGA-1,4
CACCAGTCAGCATGCA-1,4
CACCATCGGAGGAGAC-1,5
CACCCACACGTCACCC-1,3
CACCCACGAGGCAATT-1,6
CACCCGGTTTGTGACT-1,4
CACCCTAACAAGATCT-1,7
CACCCTTGGTGAGACC-1,2
CACCGATACACCGAGC-1,1
CACCGCCAGAAGGTTT-1,5
CACCGCCGACCAGCGA-1,5
CACCGTATCCCATCCG-1,7
CACCGTTAGGGATCAC-1,4
CACCGTTGCGCGATAT-1,2
CACCTAATAGAGTCGT-1,2
CACCTAATCAGTTTAC-1,1
CACCTCGATGGTGGAC-1,3
CACCTTGCGAAACTCG-1,3
CACCTTGGCGCCTTTG-1,5
CACGAAAGTTAGTCCC-1,5
CACGCACAGCGCAGCT-1,4
CACGCAGCGAGGCTTT-1,5
CACGCGGAACTGTTGC-1,4
CACGGGATTGAGGGTT-1,4
CACGTCGGCAACCTCT-1,2
CACGTTCGTGCTCTAG-1,5
CACGTTTCGTACACAC-1,2
CACTAAAGTTGCCTAT-1,7
CACTCAAGAGCTATGG-1,7
CACTCAGCTCTTGAGG-1,3
CACTCCTATGTAAGAT-1,4
CACTCCTCTCGGTCGG-1,7
CACTCGAGCTGAACAA-1,1
CACTCGGTTAGGAGGA-1,3
CACTCTTCTGCTAGCC-1,1
CACTGACGATTGTGGA-1,7
CACTGTCCAAGTGAGA-1,1
CACTTAATCAGACGGA-1,3
CACTTCGCCACAGGCT-1,6
CAGACACCGATCGCTG-1,1
CAGACCTGTAAGTGTT-1,4
CAGACGAACCTGATAC-1,8
CAGAGACGGTCACCCA-1,2
CAGAGCATGAGCTTGC-1,4
CAGAGGCGATGCATGA-1,3
CAGAGTGATTTAACGT-1,5
CAGATACTAACATAGT-1,2
CAGATCATTTAAAGTC-1,2
CAGATCCTGGTTTGAA-1,2
CAGCAGCCCGTTCCTT-1,2
CAGCAGTCCAGACTAT-1,3
CAGCAGTCTGTGCTGC-1,3
CAGCCGGGCCCTCTAT-1,3
CAGCCTCCTGCAGAGG-1,3
CAGCCTCTCCTCAAGA-1,1
CAGCGATTCCCTTCAA-1,4
CAGCTCACTGAGACAT-1,1
CAGCTCGACAAGTTAA-1,3
CAGCTCGTGCTTGTGT-1,3
CAGCTGGCGTAACCGT-1,2
CAGCTTAGTAGGTAGC-1,5
CAGGAAGACTTTATAT-1,7
CAGGATATATCGTTGT-1,1
CAGGCAGTCTTACCAG-1,2
CAGGCCGTTTGGGTGT-1,6
CAGGCGCACGGTGGTC-1,4
CAGGCGCCATGCTAGG-1,1
CAGTAACTATTTATTG-1,2
CAGTAATCCCTCCCAG-1,5
CAGTACATTCTCTAAA-1,2
CAGTACCAGTTTACGT-1,2
CAGTAGCCCACGCGGT-1,1
CAGTCGAGGATGCAAT-1,8
CAGTCTGTATACTGGG-1,3
CAGTGAATAAATGACT-1,6
CAGTGTCCGCAGAATG-1,5
CAGTGTCGGCTGGCCC-1,4
CAGTTCAAATTGACAC-1,3
CAGTTCCGCGGGTCGA-1,8
CATAACGGACAGTCGT-1,1
CATAAGAAGCTTGGCT-1,1
CATAAGCTCTCCGTCT-1,2
CATACAAAGCCGAACC-1,5
CATACACGGTTCCCAC-1,7
CATACCCGTACCCAGT-1,6
CATACGAACTAGCTGG-1,6
CATACGGCGTCTGGGC-1,1
CATACTATGTAATTGT-1,1
CATACTTAGGCAATAC-1,6
CATACTTCTTTCTCCG-1,2
CATAGCCGCCCGGGAT-1,8
CATAGCGTTGCCCACC-1,1
CATAGTACATTGAGAG-1,4
CATAGTAGCATAGTAG-1,1
CATAGTCCACAAGAAC-1,5
CATATACTACTGATAA-1,2
CATATAGGTACAGTCA-1,7
CATATGTCAGGCTACG-1,2
CATATTATTTGCCCTA-1,8
CATCATCTACCCGGAC-1,4
CATCATTACCCTGAGG-1,4
CATCCTCTCAAAGATC-1,2
CATCGGACGGGTTAAT-1,3
CATCTATCCCGTGTCT-1,2
CATCTTACACCACCTC-1,6
CATGAACCGACATTTG-1,6
CATGACTTCGCTGAAT-1,1
CATGAGATGCACTCTC-1,1
CATGATGCACAATTCT-1,1
CATGATGGAAGTTAGC-1,1
CATGCCAACTCGCAAA-1,2
CATGCGACCAGTTTAA-1,1
CATGCGTTAGACAGAA-1,3
CATGCTGGCTCCAATT-1,5
CATGGATTGTCTTCCG-1,4
CATGGCAGGAAGATCG-1,7
CATGGGTATGCCTTAT-1,7
CATGGGTCGGGTGTGG-1,3
CATGGTAAGTAGCGTT-1,3
CATGGTCTAGATACCG-1,1
CATGTAAGAGACATTT-1,2
CATGTCTCATTTATGG-1,8
CATTACGTCGGCCCGT-1,6
CATTATGCTTGTTGTG-1,8
CATTGCGAAATGGGCG-1,5
CATTTAGCGGACCATG-1,6
CATTTCTAGCAGACTA-1,2
CATTTGAGTGGTACGT-1,8
CCAAACAGAACCCTCG-1,1
CCAACCTTATGTAACT-1,5
CCAACGATGCACTGAT-1,1
CCAAGAAAGTGGGCGA-1,2
CCAAGACTTCTGCGAA-1,3
CCAAGCGTAACTCGTA-1,1
CCAAGGAACAGAGAGG-1,7
CCAATAGTGCCGTCGA-1,6
CCAATCGGTAGATCGA-1,7
CCAATGTCACAGCAAG-1,3
CCAATTACGGGTCGAG-1,6
CCAATTGAATGTTAAT-1,1
CCACAATGTACGTCTT-1,3
CCACACTGAGATATTA-1,3
CCACAGTACCCATCCT-1,4
CCACCAACTTTACTGT-1,8
CCACCCAAGGAAAGTG-1,1
CCACGGAGCCATAAGA-1,2
CCACGGTGCCCGGTAG-1,3
CCACTGGTGGCTGGTT-1,2
CCAGAAAGCAACTCAT-1,5
CCAGATAGTTGAGTGA-1,1
CCAGCCTGGACCAATA-1,4
CCAGCTCGAACGCATT-1,3
CCAGCTGATGGTACTT-1,8
CCAGCTTCCGCCCGCA-1,5
CCAGGGACGTGGCCTC-1,6
CCAGTAGTCTGATCCA-1,3
CCAGTCAAATCTCTTA-1,2
CCAGTCTAGACGGCGC-1,3
CCATAAACAACCCGAC-1,3
CCATACCTTTACTTGT-1,7
CCATAGGTTGGCGTGG-1,7
CCATATGGAAACTATA-1,3
CCATCCATACCAAGTC-1,5
CCATCGCAGTTAAACT-1,1
CCATCTCACCAGTGAA-1,3
CCATGCCCTAGATTTC-1,3
CCATGCCTGTTTAGTA-1,7
CCATGCTCTGCAGGAA-1,6
CCATGGCCCTTGTACC-1,5
CCATTAGCGATAATCC-1,6
CCATTCCCTGCCCACA-1,6
CCATTTCTACCTATTA-1,1
CCCAAACATGCTGCTC-1,3
CCCAACATACGTCGCG-1,7
CCCAACCACACTAACA-1,2
CCCAATGAGATTTGCA-1,7
CCCAATTTCACAACTT-1,3
CCCAGAGGAGGGCGTA-1,2
CCCAGTAAACTTGGGA-1,2
CCCAGTTAAGGCGCCG-1,1
CCCGAAGTTTCGCGAA-1,8
CCCGACCATAGTCCGC-1,1
CCCGAGTTTCTCCGTA-1,1
CCCGCAGCGCGAACTA-1,3
CCCGCAGGGCCCAAAG-1,3
CCCGCCATGCTCCCGT-1,6
CCCGCGCAATGCACCC-1,8
CCCGGTGTATCGGAAT-1,2
CCCGTAAGTCTAGGCC-1,5
CCCGTCAGCGTCTGAC-1,8
CCCGTTTCGCAGATGT-1,4
CCCTATGTAGAGCAGA-1,4
CCCTCATTCTGGAATT-1,3
CCCTCCTCGCTCGTAT-1,3
CCCTGAAATGAGTTGA-1,6
CCCTGACTAACAAATT-1,8
CCCTGCCCAATCCGCT-1,2
CCCTGCGCTACGCATA-1,1
CCCTTTGACAGGTCTT-1,2
CCGAAAGTGGTGAGCA-1,5
CCGAACCTTCCCGGCC-1,1
CCGAAGTATATTGTTC-1,2
CCGACAAAGGGAGTGC-1,5
CCGACGGGCATGAGGT-1,4
CCGAGAAGTCGCATAA-1,6
CCGATCTCAACCTTAT-1,3
CCGATTCGAGGGACCC-1,5
CCGCACAAAGACCAAC-1,1
CCGCACGTGACCTCGG-1,2
CCGCATGTGGTACGAT-1,1
CCGCCGGTCAACACAC-1,8
CCGCCTGCGAATTGGT-1,2
CCGCGATTTGGTAGGT-1,8
CCGCGGAATGCGTCAC-1,2
CCGCGGGTACGAAGAA-1,5
CCGCGTAGGTAAGGGC-1,2
CCGCTATCAGCACCAG-1,1
CCGCTTACCTCACTCT-1,5
CCGGAATGGTTTCAGT-1,5
CCGGAGCGTACTTTCT-1,7
CCGGCACGACCGTTTC-1,2
CCGGCGCATATTGGAT-1,1
CCGGCGTGAGACTCTG-1,2
CCGGGCGGTCTCGTCA-1,5
CCGGGCTGCTCCATAC-1,1
CCGGGTTCGAGGTTAC-1,6
CCGGTAATGGCTAGTC-1,6
CCGTAAGTTGGTCCCA-1,5
CCGTACCCAAGCGCCA-1,5
CCGTAGGAAATCCCTG-1,2
CCGTATCTCGTCGTAG-1,4
CCGTGCCCATGACGGC-1,7
CCGTGGAACGATCCAA-1,8
CCGTGTTAAATTCCAT-1,2
CCGTTACGTTAGAACA-1,6
CCGTTCCGAATCTCGG-1,2
CCTAAAGGCTGACGCT-1,7
CCTAAATTAACGGTTC-1,3
CCTAACCCAAACAAGT-1,8
CCTAACTAAGGCTCTA-1,1
CCTACATTCACAGACG-1,4
CCTACGGCTCAGTCGA-1,5
CCTACTGCTTACACTT-1,1
CCTAGGCGTAGCGATC-1,1
CCTAGGTAAAGGTAGC-1,2
CCTAGTTAGTCGCATG-1,3
CCTATATTTGTCCTGG-1,7
CCTATGAAGTGGTGCC-1,6
CCTATGGCTCCTAGTG-1,2
CCTATGGGTTACCGTC-1,1
CCTATGGTCAAAGCTG-1,2
CCTATGTCCACTCCAC-1,4
CCTCACCAATCTTGAC-1,6
CCTCACCTGAGGGAGC-1,4
CCTCACCTTAGCATCG-1,4
CCTCCCGACAATCCCT-1,2
CCTCCGACAATTCAAG-1,6
CCTCCTGAGCCCACAT-1,8
CCTCCTGTTGTGTCGT-1,2
CCTCGAAGTGGACGGG-1,3
CCTCGCCAGCAAATTA-1,6
CCTCGCGCGATATAGG-1,1
CCTCGGACCGGGATAG-1,5
CCTCGGATGCTACCTG-1,4
CCTCTAATCTGCCAAG-1,4
CCTCTATCGATTAGCA-1,4
CCTCTCTCCCATCTAG-1,3
CCTCTGGCCTAGACGG-1,3
CCTCTGTACTATTCTA-1,2
CCTGAACGATATATTC-1,8
CCTGAATATTTACATA-1,4
CCTGACCACCGATGGT-1,1
CCTGCCCGTTGTCTAG-1,2
CCTGCGTTCTACGCTT-1,5
CCTGCTATTTGAGAAG-1,8
CCTGGAAACGTTCTGC-1,6
CCTGGCTAGACCCGCC-1,5
CCTGTAAGACATGATA-1,3
CCTGTACTCACGCCCA-1,2
CCTGTCACCCGGGCTC-1,1
CCTGTCCCTCACGTTA-1,1
CCTGTCGCCCGTAAAT-1,4
CCTGTTTGAAGACACG-1,2
CCTTCGTATAGAATCC-1,2
CCTTCTTGATCCAGTG-1,1
CCTTTAAGGGAGCACT-1,7
CCTTTCAATGAAGAAA-1,2
CGAAACATAGATGGCA-1,1
CGAAACGCAATTCATG-1,6
CGAACAGTATGGGCGT-1,4
CGAACCCGCATGCGTC-1,2
CGAACGCCCAGTGCCG-1,3
CGAACGGCCGGACAAC-1,2
CGAAGCTATAAATTCA-1,7
CGAAGTTGCTCTGTGT-1,6
CGAATGACGCATAATG-1,7
CGACAATTTGATCTAA-1,4
CGACACGCTCCGACAG-1,4
CGACAGTTCGCGTTAT-1,6
CGACATGCGATCTTCT-1,7
CGACCCTTAACGCCGG-1,2
CGACGCATCCGTACCT-1,5
CGACTCAGGATGTTAT-1,3
CGACTTTGTATAGCCT-1,8
CGAGACCCTAGAGTGT-1,1
CGAGAGATGTGAACCT-1,1
CGAGAGCTTTCACTAC-1,8
CGAGAGGGTAGCCGCG-1,7
CGAGCACTTCAAGTTT-1,1
CGAGCGTTGATCAGCC-1,7
CGAGCTGGGCTTTAGG-1,3
CGAGGCTAAATATGGC-1,8
CGAGGGACTGCGGTCG-1,1
CGAGGGTATCCAGGTG-1,3
CGAGTACTAAAGAGGA-1,6
CGAGTGAAGGTACCAG-1,4
CGAGTGCTATAGTTCG-1,5
CGAGTTCTGTCCCACC-1,1
CGAGTTTATCGGACTG-1,1
CGATACCTCGCGGACA-1,3
CGATCCGACCCAGTGC-1,3
CGATCCTCGCAACATA-1,1
CGATCTGTTGGAGGAC-1,8
CGATGGACCCTACGCC-1,2
CGATTAAATATCTCCT-1,1
CGATTCGCCTGGCTGC-1,1
CGCAAACACGAGTTAC-1,5
CGCAATTACTTTCGGT-1,1
CGCAATTAGGGTAATA-1,2
CGCAATTCTACAATAA-1,8
CGCACATGTCCACTAC-1,1
CGCACGTGCGCTATCA-1,6
CGCAGAAACATTTGCG-1,1
CGCAGGCGATCCAAAC-1,3
CGCATGGTGCGATGCT-1,1
CGCATTAGCTAATAGG-1,5
CGCCAAGAAGCCGAGT-1,5
CGCCACAGGTCGCGAT-1,2
CGCCATCCGATTATGA-1,3
CGCCCAGCGTTTCACG-1,2
CGCCCGCTTCCGTACA-1,7
CGCCGCCCATGCCTGT-1,1
CGCCTCCCTCCTCTAT-1,3
CGCCTGGCCTACGTAA-1,5
CGCGACCGCGACAGAT-1,1
CGCGAGTCTGCCGGGT-1,2
CGCGCAAATGTCCAGA-1,2
CGCGCATGTTTGATTG-1,8
CGCGCCCGACTTAATA-1,1
CGCGGCTCAACTTGAA-1,4
CGCGGGAATTAGGCAG-1,8
CGCGTTCATGAAATAC-1,1
CGCTACGGGACATTTA-1,6
CGCTAGAGACCGCTGC-1,3
CGCTATACCGCCCACT-1,5
CGCTATTCAATGTATG-1,6
CGCTATTCTTAGGCTC-1,3
CGCTCGACATAATGAT-1,1
CGCTCTCCGTAGATTA-1,6
CGCTGGTGACTACCCT-1,2
CGCTGTGACGCCGCAC-1,1
CGCTGTGTGGATGTTG-1,7
CGCTTAGTATTGATAC-1,7
CGCTTATTCCCGGTCG-1,6
CGCTTCCACTGAAATC-1,1
CGCTTTCATACCGGTG-1,4
CGCTTTCTTGCATTCG-1,3
CGGAACGTAAACATAG-1,5
CGGAGCAATTTAATCG-1,1
CGGAGCATGGCGATCC-1,1
CGGAGCTTATAACACC-1,1
CGGAGTTTGAGAGACA-1,5
CGGATCCTCAAGGACT-1,2
CGGCAAACATCGTGCG-1,2
CGGCAGGGTCGGGTTG-1,4
CGGCCACGCACAAAGT-1,3
CGGCCAGAGCGACCAT-1,1
CGGCCCAACCTGTAGT-1,2
CGGCCCAGGTATATCC-1,1
CGGCGCCATCAATCCC-1,2
CGGCTCTAAAGCTGCA-1,6
CGGCTTTGTATGATAA-1,1
CGGGAATATAGTATAC-1,1
CGGGAATTTATGTAAA-1,3
CGGGAGCTTCAGTGTA-1,4
CGGGATCAATGTAAGA-1,1
CGGGCAGCTAAACCGC-1,3
CGGGCCTTCTTTGTAA-1,7
CGGGCGATGGATCACG-1,2
CGGGTGTACCCATTTA-1,6
CGGTACTAGAATCAAA-1,2
CGGTAGAGGTGCAGGT-1,1
CGGTCAAGTGGGAACC-1,1
CGGTCCGTCGCAAGCC-1,7
CGGTCTATCAACCCGT-1,7
CGGTGAAGACTAAAGT-1,2
CGGTGCAGATAGAACG-1,7
CGGTGCGCGTTGGTCC-1,2
CGGTGGGCTCCAGCCT-1,1
CGGTGTACTTGATCCC-1,5
CGGTTATCCAACAGTG-1,4
CGGTTCAAGTAGGTGT-1,8
CGGTTGACCTGGCATA-1,2
CGTAACTTCGACACTT-1,2
CGTACCTGATAGGCCT-1,1
CGTAGCGAATTGTCAG-1,3
CGTATTAAGAGATCTA-1,3
CGTCAAGGCTATAAAT-1,5
CGTCACGTCCATTGGT-1,3
CGTCGCATGTGAGCCA-1,1
CGTCGCTTGGTTATAC-1,2
CGTCGGATAGTGTTGA-1,3
CGTCGGGTCTAAGCGC-1,2
CGTCGTCCTTCGCGAA-1,7
CGTCTGGAAGGGCCCG-1,3
CGTGAAGTTAATTCAC-1,7
CGTGACATTGGGTCGT-1,7
CGTGACCAGTCCTCTG-1,7
CGTGCAGACTGGGACA-1,3
CGTGCATTGTCGACGC-1,6
CGTGCCCTCCCGAAGA-1,3
CGTGCTTCTACCTAAA-1,4
CGTGGCCGAATATCTA-1,4
CGTGGTACCCAAAGGC-1,3
CGTGTCCCATTCGCGA-1,2
CGTGTCTCGTTACGAC-1,4
CGTTAAACTAGTTAGG-1,6
CGTTAATGTCCCGACG-1,2
CGTTAGCTCACAACTG-1,3
CGTTCAGACCCGCGAA-1,3
CGTTCATGGTGCGCGT-1,2
CGTTGAATACCGCGCT-1,7
CGTTGAGCGACCGTCG-1,3
CGTTGTAAGATTGATT-1,2
CGTTGTCGGCAATTGA-1,3
CGTTGTTTCAATTCCC-1,6
CGTTTAAGCGGAGCAC-1,1
CGTTTCACTTCGGGCG-1,6
CGTTTCGCTCATTACA-1,7
CGTTTGTGTAGAGGGT-1,1
CTAAAGAATGCCTACT-1,7
CTAAAGGGAAATAGGA-1,1
CTAAATCCGGTGTACA-1,1
CTAAATCCTATTCCGG-1,1
CTAACCGCGCGCCCGT-1,7
CTAACGAAACTTGCTG-1,4
CTAACTGATAATCGCC-1,3
CTAACTGGTCCGGTTC-1,8
CTAAGGGAATGATTGG-1,3
CTAATTCGCACGCGCT-1,5
CTAATTCTCAGATATT-1,4
CTAATTTCAACAACAC-1,5
CTACACTCGCAGATGG-1,3
CTACCCTAAGGTCATA-1,4
CTACGACTAGCTATAA-1,2
CTACGCACGGAGTACC-1,3
CTACGCCATTTCCGAT-1,3
CTACTATCATAGGTTT-1,8
CTACTATCTTTCAGAG-1,4
CTACTCAAGGTATAGT-1,7
CTACTCTAGGCCCGGC-1,2
CTACTGCCACCTGACC-1,2
CTAGATGTGAGTGTAA-1,3
CTAGATTTACGACGGC-1,1
CTAGCATAGTATAATG-1,4
CTAGCCGATGTTATGA-1,2
CTAGGCGCCCTATCAG-1,4
CTAGGTCTGAAGGAAT-1,4
CTAGGTTCGGACGTGA-1,3
CTAGTAGAAAGGGATT-1,2
CTAGTATTCGGAATTA-1,3
CTAGTCACGTCTTAAG-1,4
CTAGTGAAGGACAGGA-1,3
CTAGTTACAACCCGGT-1,1
CTAGTTGGGCCCGGTA-1,4
CTATAAGAGCCAATCG-1,1
CTATCGACGAAATACA-1,4
CTATCGGGTCTCAACA-1,1
CTATGCCCGAATGCAA-1,7
CTATGGGAAGCGGAAT-1,4
CTATGTCACTAGCCCA-1,3
CTATGTCTATTGAAAC-1,2
CTATTCATGTGTCCCA-1,2
CTATTTGGTTACGGAT-1,5
CTCAAACCACTGCCCG-1,3
CTCAACTAACCCGGAT-1,2
CTCACATTTACTAAAT-1,7
CTCACTGTGATACTTA-1,3
CTCACTTGGCTGGTAA-1,2
CTCAGGACTCACCTGT-1,3
CTCAGTCACGACAAAT-1,8
CTCATGGCTCACAATC-1,1
CTCATGGTAATTTGCG-1,2
CTCATTGCTCTAACAA-1,1
CTCATTTGATGGGCGG-1,1
CTCCCTCCTTTCGATC-1,2
CTCCGGCCTAATATGC-1,7
CTCGAGGTCGAACAGT-1,1
CTCGATATTTGCGAGC-1,2
CTCGCACCTATATAGT-1,1
CTCGGGTTCTCTGGCC-1,4
CTCGGTACCACTGCTC-1,3
CTCGGTCCGTAGCCTG-1,1
CTCGGTTGTCGGCCCT-1,4
CTCGTTTCTAATGTTT-1,2
CTCTAATGCATTGATC-1,2
CTCTACACTGGCGATT-1,2
CTCTATTTGGCTGCAG-1,3
CTCTCACAATCGATGA-1,4
CTCTCTAACTGCCTAG-1,4
CTCTGGACGCCTGGTG-1,3
CTCTGTTTGAGGATTC-1,1
CTCTTCTATTGACTGG-1,4
CTCTTCTGGAAGTTAG-1,4
CTCTTGTCCCGCTTGG-1,1
CTGAAAGAGATCCGAC-1,6
CTGAATCCGAGACCTC-1,6
CTGAATTTATTGCCAG-1,2
CTGACTGCGCAGCTCG-1,4
CTGAGCAAGTAACAAG-1,2
CTGATAGTGTATCTCA-1,5
CTGCACAACTACATAT-1,1
CTGCACCTGGAACCGC-1,7
CTGCACTCCAGTACAG-1,1
CTGCCAAGGTTGGAAG-1,3
CTGCCATGCATCACAT-1,1
CTGCCTTTAATACCTT-1,5
CTGCCTTTCTAGTAAA-1,2
CTGCGGGTGAAATGTT-1,5
CTGCGTTACGATATAA-1,3
CTGCTGAGGCCACGAA-1,8
CTGCTTGGCGATAGCT-1,3
CTGGAAATGGATGCTT-1,3
CTGGAAGACACGGTGG-1,4
CTGGACGCAGTCCGGC-1,2
CTGGATTTACACTTGA-1,2
CTGGCATCCGAATGAG-1,2
CTGGCGACATAAGTCC-1,7
CTGGCGCACAGGTCTG-1,1
CTGGCGGGAATAAGTA-1,2
CTGGCTGATTCATCCT-1,4
CTGGCTGGTTGTCAGT-1,1
CTGGGATAAATAATGG-1,5
CTGGGCCTGCTATATC-1,5
CTGGGTAGGCAGTTAA-1,1
CTGGTAACACATAGAA-1,1
CTGGTAACGAGCTCTT-1,4
CTGGTTTCGAGCAAGA-1,4
CTGTAGTGAGGATCGA-1,2
CTGTATGGTGTAGAAA-1,6
CTGTCAAATGGCTCGG-1,3
CTGTGCAGGGTAGGTC-1,3
CTGTGGTCGGGAGATA-1,4
CTGTTACCCAATCTAG-1,5
CTGTTCACTGCCTGTG-1,1
CTGTTCATCTCACGGG-1,6
CTTAACTTCGAAGTAC-1,5
CTTACACGGTATTCCA-1,3
CTTACACTGGGAAATA-1,7
CTTAGCCTTCCACATG-1,3
CTTAGTAGGCCTACAG-1,4
CTTAGTGTAGTAGCAT-1,8
CTTATGCGCTCAGGGC-1,2
CTTCAACTCCACTTGG-1,1
CTTCAGTGGTCGCCTA-1,2
CTTCATAGCTCAAGAA-1,6
CTTCATTGTCAGTGGA-1,1
CTTCGGCCAATTGTTT-1,1
CTTCGTAGATAGGTGA-1,1
CTTCTATGTTGAAGTA-1,2
CTTCTATTAATGCTAG-1,2
CTTCTGGGCGTACCTA-1,6
CTTCTTACGTCGTATA-1,3
CTTGACCCGAAAGATA-1,7
CTTGAGTTAGGGTAAT-1,1
CTTGCAACCGCCTCCT-1,2
CTTGCCCAGGCTCTAC-1,3
CTTGGCCAAGCTGGGA-1,7
CTTGTACTTGTTGACT-1,2
CTTGTCAACATTCGAG-1,1
CTTGTGAGTCTTTGAC-1,5
CTTGTGCTCACCGATT-1,1
CTTGTTGCTGAGTCAA-1,8
CTTGTTTATGTAGCCA-1,4
CTTTAACTTTCAAAGG-1,1
CTTTAATATTGGTCGA-1,1
CTTTACCGAATAGTAG-1,3
CTTTAGGAACACTGTT-1,1
CTTTAGTGCTATTATT-1,1
CTTTCTGTGCGGGCTT-1,2
CTTTGCATCGCTCTTG-1,8
CTTTGGCGCTTTATAC-1,5
CTTTGGCTTTAGTAAA-1,6
CTTTGGGATTGTTGCA-1,4
GAAACAGATGACCACC-1,1
GAAACAGCCATGCAGT-1,3
GAAACATAGGAAACAG-1,2
GAAACCATGGTGCGCT-1,8
GAAACCGAATTACCTT-1,7
GAAACTCGTGCGATGC-1,5
GAAACTCTAATGAAGG-1,1
GAAAGAACAGCGTTAT-1,7
GAAAGCCCTTTGGACC-1,5
GAAAGTGACTAACTGC-1,5
GAAATACTAAACGTTT-1,2
GAAATATCACCATCAG-1,5
GAAATCGCGCGCAACT-1,6
GAAATGGCGGTGTTAG-1,3
GAAATTAGCACGGATA-1,1
GAAATTCACATCGCTG-1,7
GAAATTGTCTCTATAA-1,7
GAACACACATCAACCA-1,1
GAACAGATTACTAAAT-1,1
GAACCTCGACCTACAC-1,4
GAACCTTTAACGATCC-1,1
GAACGACCGAATGATA-1,7
GAACGTCTCATGGTCG-1,3
GAACGTTAGGAAGACG-1,1
GAACTGTGGAGAGACA-1,2
GAAGAAACGATATTGT-1,4
GAAGAACGGTGCAGGT-1,1
GAAGCCACTGATTATG-1,3
GAAGCCTGCACATTCC-1,7
GAAGCGTGAGGAATTT-1,3
GAAGCTCGGACCCGTC-1,2
GAAGCTTGCTGACCGC-1,5
GAAGGAGTCGAGTGCG-1,3
GAAGTCAGTTGCACTA-1,2
GAAGTCTCCCTAGCGA-1,5
GAAGTGATTTATCGTG-1,6
GAAGTGCTGGATAGCT-1,3
GAAGTTTCCACTCAAT-1,1
GAATAGACGCGACCCA-1,4
GAATAGTGCTCGATTA-1,4
GAATATTCGGAGTCCC-1,7
GAATCGACATGGTCAC-1,5
GAATCGCCGGACACGG-1,1
GAATCTGAACATTCTC-1,3
GAATGCGAATCGGTTC-1,3
GAATGTATGGCAGGTC-1,3
GAATGTGGTCCGGATT-1,1
GAATGTTGGGTAATCT-1,1
GAATTATAGTGAAAGG-1,1
GAATTCACCCGGGTGT-1,6
GAATTTCTCGCTGCAG-1,8
GACAAACATATGCAGG-1,4
GACAACGACCATTGAA-1,1
GACAACGCAGCTTACG-1,3
GACACAAGGGAAGAAA-1,1
GACACGAGTTAGAGGA-1,5
GACACTGAGTTCAGTG-1,3
GACAGCCAGACCTGAC-1,4
GACAGGCACACACTAT-1,2
GACATCCGTCGAACTG-1,3
GACATCGATTTATAAC-1,2
GACCAGAGCCCTGTAG-1,3
GACCCAATTATGATAC-1,2
GACCCGTCGCCGGCTA-1,7
GACCGACGTGAAAGCA-1,6
GACCGACTGAAGCGTC-1,5
GACCGTCAGGTCGTGA-1,3
GACCGTGCTGACGGTG-1,7
GACCGTTACATGCGAC-1,2
GACCTTCCACGTCTAC-1,3
GACGACGATCCGCGTT-1,1
GACGAGGCTAATAAAC-1,3
GACGCCGTAAAGGCTA-1,1
GACGGTCAATAGAAGC-1,4
GACGTGTAGGGATTAT-1,2
GACTAAGATCATGCAC-1,8
GACTAAGTAGGCTCAC-1,2
GACTACAAAGCGGTGG-1,2
GACTAGGCCGTTAGGT-1,2
GACTCACCCACGTGAG-1,3
GACTCCCAGAATAAGG-1,2
GACTCGCGGGAATGAC-1,4
GACTGCAAATCGAGCT-1,1
GACTGCACCAGCCCAG-1,8
GACTGCGGCACGTGTA-1,2
GACTGCTGGTGAGAAA-1,5
GAGACTGATGGGTAGA-1,1
GAGACTTCGCGACCGA-1,1
GAGAGGGCGCGAGGTT-1,4
GAGAGGTGCATTCTGG-1,5
GAGATCTGCTTGGCAT-1,1
GAGATCTGTCACTCCG-1,8
GAGATCTTCCATGACA-1,1
GAGATGGGAGTCGACA-1,1
GAGCATCAACAACTTG-1,6
GAGCATCATCCCTGGG-1,1
GAGCCACGGTAGTAGG-1,2
GAGCCAGCTACCTGTG-1,1
GAGCGAGGGAGTACCG-1,3
GAGCGCAAATACTCCG-1,3
GAGCGCGCACGAGTAG-1,4
GAGCGCTGTTAGGTAA-1,2
GAGCGGAATGCGGTGT-1,2
GAGCTAAGGGCATATC-1,1
GAGCTCTCGGACCTAA-1,5
GAGGAATGGAGAGGTT-1,2
GAGGATAAACAGTGCT-1,6
GAGGCCCGACTCCGCA-1,8
GAGGCTATCAAAGTCG-1,5
GAGGGAGTCAGATCGC-1,3
GAGGGCATCGCGTATC-1,5
GAGGGCGCAGCTCTGC-1,3
GAGGGTAGTAACAAAG-1,5
GAGGTACATCCATCTT-1,4
GAGGTACGCGTGTCCC-1,1
GAGGTCCCAAAGATCT-1,5
GAGTAAGGCCACGGGA-1,2
GAGTACGGGTATACAA-1,3
GAGTAGATACTAGTTG-1,7
GAGTATGCCCGCCTTG-1,2
GAGTATGCGCGTGCAT-1,3
GAGTCCGCTTACCGGA-1,1
GAGTGTCAACCAGAAA-1,2
GAGTGTGCGGTACCCA-1,4
GAGTTGATGGCAATTT-1,2
GATAAATCGGTGGATG-1,3
GATAACTCGCACTGTG-1,2
GATACGATGGGAGTCA-1,6
GATAGGTAACGTTGAC-1,3
GATAGTGCGAGTAAGT-1,5
GATATCTCATGCAATA-1,1
GATATGAGACACTAAC-1,5
GATATGCGGTAGCCAA-1,3
GATATGGATTACGCGG-1,5
GATATTTCCTACATGG-1,3
GATCAACATAAAGGGA-1,3
GATCATTCCAAACATT-1,6
GATCCCTTTATACTGC-1,5
GATCCGGGAATTAACA-1,3
GATCCTAAATCGGGAC-1,1
GATCCTCGACACTGGC-1,2
GATCGACACTATCTGA-1,2
GATCGCGGGCTCTCCA-1,4
GATCGCTACCCGATTT-1,8
GATCGCTATATCTCAG-1,4
GATCGGATAGAACCAT-1,2
GATCGGTGGCCATAAC-1,8
GATCGTGACTGATATC-1,3
GATCTGCTATCTAAGG-1,7
GATCTTGGAGGGCATA-1,3
GATCTTTGCAGGGTAT-1,1
GATGACAAGTAGGGCA-1,3
GATGAGGAACCTTCGG-1,2
GATGCGTCCTGCATTC-1,3
GATGCTACAAGCGCCT-1,1
GATGCTGTATTTCATC-1,3
GATGGCGCACACATTA-1,5
GATGGTGCCCTAGGCA-1,5
GATGTAACGAACCACC-1,2
GATGTCGGTCAACTGC-1,5
GATGTTCAATCCACGA-1,6
GATGTTTGTGCGAGAT-1,6
GATTAACCGAAAGCCC-1,2
GATTCCCTTGTCGCAG-1,1
GATTCCTATACGGCGC-1,2
GATTCGACGGTTCACG-1,1
GATTGCTCCAGTTGCA-1,2
GATTGGGAAAGGTTGT-1,2
GCAAACCCTACATTAT-1,2
GCAAACCTTGGCCATA-1,3
GCAAATATTACGCTTT-1,6
GCAACACACTAGAACT-1,2
GCAACAGCAGTATGCG-1,6
GCAACCACCAGACCGG-1,3
GCAACCACGGCCGCGT-1,5
GCAACGGCTAGTTATG-1,3
GCAAGAATTCCTTGGC-1,6
GCAAGTGCACAGAGAA-1,1
GCAAGTGTAAAGCATG-1,1
GCACAAACGAGGCGTG-1,6
GCACAAGTGTCGGAAG-1,5
GCACACACTGGTAGCC-1,2
GCACACGCCCATGGTC-1,1
GCACGCCTACTTAGAT-1,1
GCACTGCCTACCTTTA-1,3
GCAGACCCAGCACGTA-1,3
GCAGATTAGGGATATC-1,3
GCAGCACACAGCCCAG-1,3
GCAGCCTATATCACAT-1,1
GCAGGAACTTAGATCT-1,8
GCAGGACTATAGAATA-1,7
GCAGGTAGAGTATGGT-1,6
GCAGTGTGGCTATAGG-1,2
GCATACGAGGTCTTTA-1,5
GCATAGAGCACTCAGG-1,1
GCATCCCTAACTTTGA-1,6
GCATCGGCCGTGTAGG-1,1
GCATGAGGGACGCGGC-1,4
GCATTCAAGGCAACGC-1,4
GCATTCGAAATGAACA-1,2
GCATTGTAATTCATAT-1,2
GCATTTCCAAGGCTCC-1,2
GCCAACCATTTCCGGA-1,4
GCCAAGAATACTTCTG-1,2
GCCAATAGGGCATCTC-1,8
GCCACAATTTAAGGAC-1,6
GCCACTCAGAGCGCGA-1,2
GCCAGGAGTAACCGAT-1,6
GCCATATTGCACACAG-1,3
GCCATCGAGCTGCGTG-1,2
GCCATCGATGCTGCAT-1,5
GCCATTAGCCTCAAAC-1,7
GCCCACCAAGGCTGTC-1,8
GCCCAGTTGGTATGCC-1,6
GCCCGACTTCTTCCCG-1,2
GCCCGATCTGTGGTCG-1,2
GCCCGCGCGTAAACGG-1,2
GCCCGCGCGTTTGACA-1,6
GCCCGTAATACCTTCT-1,1
GCCCTAGCCGTCGCGA-1,2
GCCCTGAGGATGGGCT-1,2
GCCGAAATTCCTACGT-1,1
GCCGACCCACGACTGC-1,2
GCCGATTGGCCAAGCT-1,1
GCCGCATTAGTCCGGC-1,3
GCCGCTTGTGAGAAAC-1,3
GCCGGGTTAGGGTCGC-1,3
GCCTAGCGATCTGACC-1,6
GCCTATAGTGTCAGGG-1,4
GCCTATTCCGATATAG-1,5
GCCTATTTGCTACACA-1,8
GCCTCATCTGGAAATA-1,5
GCCTCCGACAATTCAC-1,8
GCCTCTATACATAGCA-1,7
GCGAAACTTAACTGGA-1,2
GCGAAGAATCTGACGG-1,2
GCGAAGCCATACCCGT-1,3
GCGACCCAACCATCTG-1,4
GCGACGATAGTTGTAC-1,1
GCGAGAGTTGCGTCCA-1,1
GCGAGCGCATGCTCCC-1,1
GCGAGGCCCGAGCAGA-1,1
GCGAGTTCTGCAAAGA-1,3
GCGATTCTGGAAGCAG-1,5
GCGATTGTTAACGTTA-1,4
GCGCAAATATATTCAA-1,4
GCGCAAGAGCGCGCTG-1,6
GCGCATCCAGTCAGCA-1,4
GCGCCGTTCCACGATA-1,3
GCGCCTCCCACTCCGA-1,6
GCGCGGTCTAGTAACT-1,1
GCGCTAATTGAATAGA-1,3
GCGCTATGCCGAGGCA-1,3
GCGCTGATCCAGACTC-1,7
GCGCTGCTTTGCATTT-1,4
GCGCTTAAATAATTGG-1,4
GCGGACCGCGTTGTGG-1,8
GCGGAGAAACTTCGCA-1,1
GCGGAGAGGGAGAACG-1,1
GCGGCAAAGTATTGCC-1,4
GCGGCTCTGACGTACC-1,7
GCGGGAACCAGGCCCT-1,1
GCGGTCCCTAGACGCA-1,7
GCGGTGAACTGCGCTC-1,1
GCGGTTCCCTATCATG-1,3
GCGTAAATGGCCATAA-1,4
GCGTCGAAATGTCGGT-1,3
GCGTCGCCAGGGTGAT-1,7
GCGTGGTACTGGGTTA-1,3
GCGTTATATTTGGAAC-1,5
GCGTTCGGAGACCGGG-1,2
GCTAAACCTGAGGTGA-1,1
GCTAACTGAAGTCTGA-1,2
GCTAAGTAAAGGCGAT-1,2
GCTAAGTAGTTTCTCT-1,1
GCTAATACCGAATGCC-1,1
GCTACAGTACGGACCG-1,2
GCTACGACTTATTGGG-1,3
GCTACTATAGTAGAGT-1,4
GCTAGACCGTCTACTG-1,5
GCTAGAGTAGAGATGT-1,4
GCTAGCTTGAATAGCT-1,4
GCTAGGCACCACGGAG-1,7
GCTAGTAGAGCTTGTA-1,1
GCTAGTTTCATTGAGG-1,1
GCTATACGTCTCGGAC-1,1
GCTATCGCGGCGCAAC-1,5
GCTCAATCCGTTTATT-1,1
GCTCAATGTAATACCG-1,7
GCTCATTACTGCATGT-1,1
GCTCCATGCAAAGCAA-1,2
GCTCCCAGTCGGTCCA-1,6
GCTCCGCTCGCTTCAG-1,6
GCTCCTGACATACTGG-1,1
GCTCGGAATTTAAAGC-1,3
GCTCTAAACCCTGACG-1,1
GCTCTATGTTACGTGC-1,2
GCTCTCGGGTACCGAA-1,1
GCTCTTTCCGCTAGTG-1,7
GCTGAATCTTCCAATC-1,4
GCTGAGGCGTGAGTAT-1,3
GCTGCACGGTTTCTTA-1,3
GCTGCTACTGCGTAGC-1,3
GCTGCTCTCCGGACAC-1,3
GCTGGCATATTCACCT-1,5
GCTGGCGGCGCATGCT-1,2
GCTGTATTACTGGCCC-1,6
GCTGTTGCTACCGAAC-1,1
GCTTAATGTAACTAAC-1,5
GCTTACGTAGTTAGTA-1,1
GCTTATGAAGCAGGAA-1,3
GCTTCCGTCCCTAGAC-1,8
GCTTGATGATAATCAG-1,6
GCTTGGATCGATTAGG-1,4
GCTTTCAGAGGAGGTG-1,3
GGAAACCTTGTTGAAT-1,2
GGAAAGTGCCCATGCC-1,6
GGAACCGTGTAAATTG-1,2
GGAACCTTGACTCTGC-1,8
GGAAGCTCGCTTACAG-1,3
GGAATGCGCTAGCGTG-1,6
GGACACAAGTTTACAC-1,6
GGACCAACAGGATAAC-1,2
GGACCTCTAGGCCGCC-1,4
GGACTCGACAGCGCAT-1,2
GGACTCGTGAGTGGTC-1,3
GGAGAAGTCATTGGCA-1,6
GGAGACGACACCTTTG-1,1
GGAGCAACATTTCAAG-1,4
GGAGCACCAAGAACTA-1,1
GGAGCGAGGCCTACTT-1,1
GGAGGGCTTGGTTGGC-1,1
GGAGTGCCGCCCTGGA-1,3
GGATACTCATGAATTG-1,2
GGATCATCCCGTACGC-1,7
GGATCCGGAATATACT-1,1
GGATCTTACTGCCCTT-1,1
GGATCTTGACTCAACC-1,2
GGATGAAGATCGCTGA-1,5
GGATGACGCGAGTTTA-1,1
GGATGCTGGCGTTCCT-1,2
GGATGTCCTTACCGCA-1,3
GGATTCAGTACGGTGG-1,6
GGATTCCGCTATACCC-1,4
GGATTGCTGTGACTCC-1,2
GGATTTCACTTCTATA-1,6
GGCAAAGGCGCCAATA-1,1
GGCAAATTACTTTACT-1,7
GGCAAGCCCATAGTGG-1,6
GGCAAGGCGAAATAGC-1,3
GGCAATAGTCAATGAG-1,1
GGCACTCCACTGGGCA-1,3
GGCAGCAAACCTATGC-1,3
GGCATACAGGTAGCGG-1,6
GGCATATCGGTTCTGC-1,7
GGCCCTCACCCACTTA-1,2
GGCCGAGACTCTGGTG-1,2
GGCCGGCGTCTGCTAT-1,2
GGCCGTTTGGGTTTCA-1,7
GGCCTTTGCAACTGGC-1,8
GGCGAAATCTAACTTG-1,4
GGCGCAGGACATCTTC-1,5
GGCGCATGAATTGATG-1,7
GGCGCGGAGATCTTTC-1,4
GGCGCGTTCGAGTTTA-1,5
GGCGCTTCATTCCCTG-1,1
GGCGGAGTAATATTAG-1,3
GGCGGTAGGATCATTG-1,1
GGCGTAGGGAAAGCTG-1,2
GGCGTCCTATCCGCTG-1,5
GGCTAAAGGGCGGGTC-1,2
GGCTATTAAGTTGTAT-1,6
GGCTCCTCCACCTGTT-1,4
GGCTCGCGTTGAGGTA-1,4
GGCTCGTGCCACCAGC-1,6
GGCTCTGCTCCAACGC-1,1
GGCTGAAATAGCAAAG-1,1
GGGAACGGGAGGTTAG-1,7
GGGAACGGTTTCAGAT-1,6
GGGAAGACGGTCTGTC-1,3
GGGAAGGGCTTTCTCA-1,8
GGGACAGAGTTACTCC-1,4
GGGACTGCATAGATAG-1,1
GGGAGAACTCACAGTA-1,3
GGGAGGATGCCCGAAA-1,3
GGGAGTAATGGCTGGC-1,2
GGGAGTTAATGAGGCG-1,1
GGGATGGTCGTAACCG-1,5
GGGATTTACCGCACCT-1,4
GGGCAACCGCACGTGC-1,2
GGGCCCGTCTTAAACA-1,7
GGGCCCTACGAAAGGG-1,5
GGGCCGGCCGAAGTAC-1,1
GGGCCTAAATGGGCTA-1,2
GGGCGATATGTGTGAA-1,5
GGGCGGCAAATGAATT-1,2
GGGCGGGTTCCCTACG-1,7
GGGCGGTCCTATTGTC-1,1
GGGCGTACATTTATAT-1,5
GGGCGTCACCACGTAA-1,1
GGGCGTCCACTGGCTC-1,7
GGGCGTGGTTTCCCAG-1,8
GGGCTCATCGAACCCA-1,1
GGGCTGCCTAGGGCGA-1,3
GGGTACTTCATGAACT-1,7
GGGTATGTATGCACTT-1,2
GGGTATTCTAGCAAAC-1,2
GGGTCACCGTGACGGT-1,3
GGGTCAGGAGCTAGAT-1,7
GGGTCGTGGCAAGTGT-1,2
GGGTGACACCTTAACT-1,6
GGGTGCATATGAAAGC-1,8
GGGTGTTTCAGCTATG-1,6
GGGTTAACATTTGAGT-1,3
GGGTTTAGGATAGGAT-1,6
GGTAAATGTGCGTTAC-1,3
GGTAACCGGGAGGATA-1,4
GGTAACTATGTATCTG-1,3
GGTACAAACATGCTAT-1,7
GGTACATCTGGGACGA-1,2
GGTACCATTAAGACGG-1,1
GGTAGAAGACCGCCTG-1,1
GGTAGACCGTTGGGCG-1,1
GGTAGTGCTCGCACCA-1,1
GGTATAGTGACACATA-1,5
GGTATTGCCGAGTTTA-1,7
GGTCAAGACTACTTCG-1,7
GGTCAGTGGGTCCCAC-1,3
GGTCGGATAAACGGCG-1,2
GGTCGGCCAGGAGCTT-1,6
GGTCGGTAATTAGACA-1,5
GGTCGTAAGCTCGCAC-1,2
GGTCTCTGAATGGACT-1,4
GGTCTGAGAATCTGGA-1,1
GGTCTTGAGCGCTCTT-1,3
GGTGAAGTACAGGGAT-1,1
GGTGAGATGCAGATAA-1,5
GGTGATAAGGAGCAGT-1,2
GGTGCATAAATGATTA-1,1
GGTGCGGATAAGTGGC-1,3
GGTGCTGATCACAAAG-1,2
GGTGCTGGTACACATT-1,3
GGTGGACTGCTCTGGC-1,2
GGTGTAAATCGATTGT-1,2
GGTGTAGGTAAGTAAA-1,2
GGTTACCACCCTCGGG-1,6
GGTTAGCTATATGTCT-1,4
GGTTAGGCTTGGAGAA-1,5
GGTTAGTTACGGCGCC-1,2
GGTTCGGATTATACTA-1,4
GGTTCTACTCGTCTGA-1,3
GGTTGTGTAGCCTGGC-1,3
GGTTTACAATCTCAAT-1,4
GGTTTAGCCTTTCTTG-1,4
GGTTTGAGTGCTGGAA-1,6
GTAACTTGCGGCAGTC-1,2
GTAAGCGGGCAGTCAG-1,1
GTAAGGATTTGTCGGA-1,4
GTAAGTAACAGTCTGG-1,1
GTAAGTAGGGTATACC-1,2
GTAATAAAGGGCTCCC-1,4
GTAATCTGATTCTTCG-1,2
GTACACTTACCTGAAG-1,3
GTACAGAGGCAAGGGT-1,5
GTACGAGATTGCGACA-1,3
GTACGCTTCATTGCAC-1,3
GTACGTTTGCCCGTCA-1,1
GTACTAAGATTTGGAG-1,1
GTACTCCCTTATCGCT-1,5
GTACTCCTGGGTATGC-1,2
GTACTGCATGAAGCGT-1,2
GTACTGGAGTTAGACC-1,1
GTACTTGGGCACTTCT-1,1
GTAGACAACCGATGAA-1,2
GTAGACGTCGTTACAT-1,1
GTAGAGGGAGACAAGT-1,4
GTAGCCAAACATGGGA-1,1
GTAGCGGCTATACACT-1,1
GTAGCTCCGGGAGGCT-1,1
GTAGCTTCCTCTTGTT-1,4
GTAGGTGATCCGTGTA-1,7
GTAGTCGCGGGAATCA-1,1
GTAGTCTACGATATTG-1,3
GTAGTTCGAAGGCGAA-1,3
GTATAGGACTCAGTAG-1,3
GTATCAAACGTTAGCT-1,4
GTATCAGCTTGGGTTC-1,3
GTATCCTTTGGTAACC-1,2
GTATCTCAGTCTTGAC-1,4
GTATCTTTCATAACCA-1,3
GTATGAAATTTCACTC-1,2
GTATGTGGGTCTAGTT-1,1
GTATTAAGGCGTCTAA-1,5
GTATTCTGAGAAACGA-1,2
GTCAAAGAAGTGGTGT-1,2
GTCAAAGTTTACATAG-1,1
GTCAAGCGGACTCGGG-1,1
GTCACAAAGTTTCCAA-1,7
GTCACTCTCCAAATCT-1,5
GTCAGAATAGTCTATG-1,5
GTCAGTTGTGCTCGTT-1,5
GTCAGTTTGGTAGTCG-1,2
GTCATGCACCTCCGTT-1,1
GTCATGGACATGACTA-1,1
GTCATTAGAGCGAACG-1,4
GTCATTGCATTGACCC-1,5
GTCCAATATTTAGCCT-1,7
GTCCATTACTGCTACG-1,1
GTCCCAACGTAAAGTA-1,1
GTCCGGACCTGAAATT-1,1
GTCCGGCTGAATTGCG-1,6
GTCCGGGTTCACATTA-1,2
GTCCTACGAATAGTCT-1,2
GTCCTTCTAGTGGGTT-1,1
GTCGCGTAACCCGTTG-1,3
GTCGGATATCTCAGAC-1,6
GTCGGATGTAGCGCGC-1,4
GTCGTACCATCTCGGG-1,3
GTCGTACCTACGATTG-1,8
GTCGTATTGGCGTACA-1,1
GTCGTGTCTGGTCATC-1,7
GTCGTTATTCGCTTAT-1,3
GTCTACTCAATTACAA-1,5
GTCTATCTGAGTTTCT-1,3
GTCTATTGGTTCCGGT-1,4
GTCTGGGCGGTCGAGA-1,5
GTCTTAGTACAGCCGG-1,3
GTCTTGTAGCTATTCA-1,6
GTGAAACGGCGCCACC-1,6
GTGAAACGTGCTCCAC-1,5
GTGAACTCCCATTCGA-1,3
GTGAAGATTTCAAGTG-1,2
GTGACAGCTTCCCACT-1,3
GTGACCGCACACTACG-1,1
GTGACGAGGGTGACCC-1,4
GTGACGCAGGTTTCAT-1,3
GTGACTTCAGTAGTGC-1,3
GTGAGCGTGCTGCACT-1,2
GTGAGGACACTTAAGG-1,1
GTGAGGAGCGGTTGAG-1,3
GTGAGTGGTACAACGC-1,2
GTGATCACTAACGCCT-1,4
GTGATCATAGATCTGC-1,3
GTGATCCTTGTCATGA-1,4
GTGATTCGCCGCTCAA-1,2
GTGCAACAAATGTGGC-1,3
GTGCACCAGCTTCAAC-1,7
GTGCACGAAAGTGACT-1,3
GTGCCATCACACGGTG-1,6
GTGCCCGTTCGGATTC-1,8
GTGCCGCTTCAAAGGT-1,1
GTGCGAAATCGAACAC-1,6
GTGCGGGTCTCCAAAT-1,3
GTGCGTGTATATGAGC-1,1
GTGCTCAAGTACTGTC-1,7
GTGCTGCAGATAAGGA-1,8
GTGGAACCTACATGCG-1,7
GTGGACCAACCCGATT-1,5
GTGGACGCATTTGTCC-1,1
GTGGACGTGCTGAGAC-1,1
GTGGAGTCGGCGGTTG-1,4
GTGGCAAACAGCGGCA-1,2
GTGGCGGTCCCAGCGT-1,2
GTGGGAAGACTGAATC-1,2
GTGGGCTTAGACACAC-1,5
GTGGTGGCCAAGTGAA-1,8
GTGGTTACTTCTTTCG-1,1
GTGGTTTCCGCCTTTC-1,6
GTGTACCTTGGCTACG-1,1
GTGTCAGTGTACGTGG-1,5
GTGTCGTATAGCGTTC-1,7
GTGTGAATAACTTAGG-1,6
GTGTTACTATGCGTCC-1,1
GTTAAAGTAGGACTGG-1,1
GTTAACATCACTTAAA-1,3
GTTAACTATGTTGTCA-1,6
GTTAATGTCTATCTTA-1,5
GTTACAATTGGTGACG-1,3
GTTACCTACAACTTGC-1,3
GTTACTTTGGGCCTAG-1,7
GTTAGCCCATGACATC-1,2
GTTAGCCGTAAATCAA-1,5
GTTAGGCTACCCGTTT-1,2
GTTATAATACGGTGAA-1,7
GTTATATTATCTCCCT-1,5
GTTCACAGGAGTCTAG-1,6
GTTCATCGTTTGGCTG-1,1
GTTCCAGTCTGACCAT-1,1
GTTCGCCATAAGTGCC-1,4
GTTCGGATCGGGAACA-1,6
GTTCGGGCGTACCATT-1,8
GTTCGTCTAAAGAACT-1,4
GTTGAACCGGTTCCAT-1,3
GTTGAGTCCCGCCGGT-1,7
GTTGCACGGAGTTTCG-1,7
GTTGGATTCAGTGGCT-1,1
GTTGGATTGAGAACAC-1,3
GTTGGATTTGCGTTGG-1,3
GTTGGTCATGCTATCC-1,1
GTTGTCGTGTTAGTTG-1,7
GTTTACGTTCCATCTG-1,3
GTTTCATATCGTCGCT-1,5
GTTTCCTGGAGGGTGA-1,1
GTTTCTGCAGTCTCCC-1,3
GTTTGACCAAATCCTA-1,1
GTTTGGCCCAAGTTAT-1,3
GTTTGGCCGCTCAGCG-1,6
GTTTGGGCTTGTGAGC-1,2
GTTTGGGTTTCGCCCG-1,4
GTTTGGTAGGGTCAAC-1,2
GTTTGGTGATCGGTGC-1,1
TAAACCCAGGAGGGCA-1,4
TAAAGAGCCCGAAACC-1,1
TAAAGCGTTAGGAGAA-1,3
TAAAGCTGCAATAGGG-1,1
TAAATGAATCCGTTTC-1,5
TAACAAAGGGAGAAGC-1,6
TAACAATATTTGTTGC-1,5
TAACAGCGTTTGTGCT-1,3
TAACATACAATGTGGG-1,4
TAACATACACGCGATC-1,4
TAACCGCCCGCAGTGC-1,2
TAACCTACCGTCCGAG-1,4
TAACGCTTTGAGAGCG-1,2
TAACTATCGAAGGTCC-1,5
TAACTATTACGCCAAA-1,4
TAACTCATCCGCGCGG-1,7
TAACTCCATGGAGGCT-1,5
TAAGCAGGCGACACGC-1,3
TAAGGAACTTGTGGGA-1,1
TAAGGCAACATAAGAT-1,1
TAAGGCTGAATCCCTC-1,4
TAAGGGCCTGTCCGAT-1,2
TAAGGGCTGGGAGAGG-1,3
TAAGTAACATCTTGAC-1,6
TAAGTCGCCGAGTATC-1,1
TAAGTTGCGACGTAGG-1,4
TAATAAACAAGGAGAT-1,3
TAATACACAGTAGTAT-1,6
TAATAGAACAGAGTTA-1,2
TAATAGGTCACCAGAA-1,2
TAATAGTGACGACCAG-1,1
TAATATTGAAATTCGC-1,3
TAATCGATCCGTACGT-1,8
TAATTAGGACATCCGT-1,6
TACAAGTCTCGTGCAT-1,2
TACAGAAACGGTGGGC-1,2
TACATAGGCATACACC-1,1
TACATCCCTATCCCTG-1,2
TACATTTCTAACGTGC-1,7
TACCAATAAAGTACCA-1,7
TACCAGAAGTAGGTTC-1,8
TACCAGCTAGGTTTAA-1,1
TACCGCGGACTTGCAG-1,4
TACCGGCTCACTGCCC-1,3
TACCGGTCGTTTCCAT-1,7
TACCGTAGGTTAACTA-1,7
TACCGTGCCTCGGACC-1,2
TACCTCACGCTTGTAC-1,3
TACCTCAGTTGTCTGT-1,7
TACCTGCTGCACTGTG-1,2
TACCTTAAGATTTCCC-1,2
TACGAACACGACTTCA-1,3
TACGACGCTTGCTGCG-1,3
TACGACTGCCTCTTAG-1,1
TACGAGAACTTCACGT-1,3
TACGATGTTGATCATC-1,7
TACGCAGTTCTTTCCT-1,7
TACGCCATATTCTAAT-1,3
TACGCCGAGGGTACCC-1,8
TACGCCTCCATTCCGA-1,1
TACGCTATAGAAACCT-1,3
TACGGAAGCCAAACCA-1,2
TACGGGATGCTAGCAG-1,3
TACGTACTAGTGCTGA-1,4
TACGTGCACTATGCTG-1,6
TACGTTTACCGGCAAT-1,6
TACTCCTCTAGTTGAC-1,1
TACTCGGCACGCCGGG-1,3
TACTCTCCGAACAAAT-1,6
TACTGCAATCAATTAC-1,2
TACTGGACAGCTCGGC-1,2
TACTTGTTAGTAGTCC-1,1
TACTTTACTGAGCCGG-1,4
TACTTTCCGCACGCCA-1,2
TAGAAAGGTGGCGCTA-1,1
TAGAAATTCACGTATA-1,5
TAGAATTAAGGGCAAC-1,5
TAGACGAAACGCCAAT-1,3
TAGACGCCCGTACCGG-1,4
TAGACTACCTAGCGTT-1,3
TAGAGATCATGCAACT-1,2
TAGAGGTTCTACTTGT-1,4
TAGAGTCTAAGCGAAC-1,6
TAGATATGGACTGGAA-1,2
TAGATCCGAAGTCGCA-1,5
TAGATGGTTCCTTACT-1,2
TAGATTCCTGGTTATT-1,5
TAGCAACCTGTCACAA-1,5
TAGCCATTTCAAAGTC-1,8
TAGCCGGCGGTCAGCG-1,6
TAGCGTCCCTCGATTG-1,6
TAGCGTTGGGTCTTAC-1,4
TAGCTAAGTCCGGGAG-1,1
TAGCTAGAAGGCATGA-1,2
TAGCTCGCCTGATAAC-1,5
TAGCTGATGTGAAGCG-1,4
TAGGCATGTTACGCCA-1,3
TAGGGAGCTTGGGATG-1,1
TAGGGTGTTTCAAGAG-1,5
TAGGTCCAAGTAAGGA-1,2
TAGGTCGCCGGAACTG-1,4
TAGGTGACGATAACCT-1,1
TAGGTGAGCCCTACTC-1,5
TAGGTGCTCGCCTAGC-1,5
TAGGTTCGAGTTCGTC-1,4
TAGTACCTTAGTGGTC-1,2
TAGTAGCTTATACCAG-1,7
TAGTCCGCAGAGAATG-1,7
TAGTCGATCACGGGTT-1,2
TAGTCTAACAACGAGA-1,3
TAGTCTGTGACGTTGC-1,2
TAGTGCCCTCCAGAGT-1,7
TAGTTAAGATAGGATA-1,3
TAGTTTATTCTTGCTT-1,1
TATAAATCCACAAGCT-1,1
TATAAGTGAGGATAGC-1,6
TATACACAGACGCCTT-1,5
TATACACGCAAAGTAT-1,6
TATAGAGTCGCTTGAA-1,7
TATAGATGGTCGCAGT-1,6
TATAGGGTACTCATGA-1,1
TATATAGGGCTTTACG-1,8
TATATATCGAGAAATG-1,4
TATATTCGCGTCGATA-1,2
TATCACCCAACCGACC-1,2
TATCACTTCGAGTAAC-1,8
TATCCATATCATGCGA-1,1
TATCCGCACCGTCGGG-1,7
TATCCTATCAACTGGT-1,2
TATCCTGCATGGGAAT-1,1
TATCGATCTATGCATA-1,6
TATCGATGATTAAACG-1,1
TATCTACAGAGGTAAT-1,5
TATCTACCACAGCGGG-1,1
TATCTAGCCTAAAGGA-1,3
TATCTTGCAATACAAC-1,2
TATGAAGACAGGTGCG-1,5
TATGATCTTCTCTTTA-1,4
TATGCTCCCTACTTAC-1,1
TATGGATGTGCTACGC-1,1
TATGGCCCGGCCTCGC-1,5
TATGGGACCGAGCAGG-1,3
TATGGGTACGTATCGT-1,3
TATGGTCTGAGTAACA-1,1
TATGGTTAGTGGGAGA-1,1
TATGTAAAGTGCTTAA-1,3
TATGTCAAGACCGACT-1,6
TATGTCTCATTGTGCC-1,6
TATTATGTTTGCCTGC-1,2
TATTCAATTCTAATCC-1,1
TATTCCACTCAGCTCG-1,5
TATTCCTCCGCCCACT-1,2
TATTCGTGCCAGAATA-1,4
TATTTAGTCTAGATCG-1,7
TATTTATACCGAGTAG-1,7
TATTTGTTACCCTTTA-1,7
TCAAACAACCGCGTCG-1,7
TCAAACTTAGATTGTT-1,3
TCAACAAAGATAATTC-1,4
TCAACACATTGGGTAA-1,5
TCAACATAGCGCCCTA-1,7
TCAACCATGTTCGGGC-1,1
TCAACGCAGGAAATAA-1,5
TCAACGCGACCGGCAG-1,2
TCAACTAACGTATAAC-1,5
TCAAGAAATACTAGCT-1,1
TCAAGGTTACTACACC-1,4
TCAATACGCCGTCATG-1,7
TCACAAACCGAGGTAC-1,2
TCACAGCAAACTCGAA-1,8
TCACAGGGAATCGCAA-1,2
TCACAGGTTATTGGGC-1,3
TCACATCTTATCTGAT-1,5
TCACCCTCTTAAGATT-1,1
TCACCGCTCGGCACTC-1,4
TCACGATGTCCGTGGA-1,4
TCACGCATTGTAGATC-1,7
TCACGGTCATCGCACA-1,7
TCACGTGCCCGATTCA-1,3
TCACTCGTGCAACGGC-1,1
TCAGAACCTCCACAGG-1,1
TCAGACGCTATAGAAG-1,6
TCAGCAAATGCATCTC-1,8
TCAGCAGTAGGCCCTG-1,4
TCAGGGTGTAACGTAA-1,8
TCAGGTTCTTTGAGAA-1,5
TCAGTACTGACCCGCG-1,8
TCAGTAGGGACTATAA-1,3
TCAGTGTATACGTCAT-1,4
TCATACTTACAGATCC-1,2
TCATATGAGCTTTGTT-1,3
TCATCACTCGAGCTCG-1,5
TCATCCCAGAGGGTGG-1,3
TCATCGATGGTCCCAA-1,4
TCATGCAGGTTCTCAT-1,7
TCCAACTTTAAATTCT-1,7
TCCAAGCCTAGACACA-1,8
TCCACAATGGTTTACG-1,5
TCCACATCGTATATTG-1,2
TCCACCTCTAGCCTTT-1,7
TCCACTTTATCTAGGT-1,1
TCCAGAGCACCGGTTC-1,1
TCCAGGCGAGTACGGT-1,3
TCCCAAAGACGAAGGA-1,2
TCCCACTCTCTTCCGG-1,1
TCCCAGCTTTAGTCTG-1,3
TCCCAGGCTTAGCTAA-1,3
TCCCGCGTACTCCTGG-1,1
TCCCGGGTGTGCTGCT-1,6
TCCCGTCAGTCCCGCA-1,1
TCCCGTGTGCAATTTG-1,8
TCCCTGGCGTATTAAC-1,2
TCCCTGGCTCGCTGGA-1,8
TCCCTTAGATTACTCG-1,7
TCCGAACTTGGCTTAC-1,5
TCCGAATGGTCCTGAG-1,4
TCCGATAATTGCCATA-1,3
TCCGATGACTGAGCTC-1,3
TCCGATGGTGCGACAT-1,1
TCCGATTACATTGCCG-1,1
TCCGCGGCAGCATCTG-1,1
TCCGCTGTCATCCCGG-1,4
TCCGCTTATCCCATTA-1,3
TCCGGCCTAGCGTACA-1,4
TCCGGTTCGTCCGGTC-1,2
TCCGTTAAGCTAATAT-1,3
TCCGTTTAGCCTTGAA-1,4
TCCTAAATTGGGAAGC-1,1
TCCTAACCGTCGGGCA-1,7
TCCTACATCCACGGCC-1,4
TCCTAGCAAAGAAGCT-1,3
TCCTCGGGCTGGGCTT-1,1
TCCTCTACGAGATGGC-1,5
TCCTCTCCAGTTGTCC-1,5
TCCTGCCAACTGGAGA-1,6
TCCTGCGTTGATACTC-1,6
TCCTTACGACGGTCCG-1,4
TCCTTCAGTGGTCGAA-1,3
TCCTTGTCCTTTAATT-1,2
TCCTTTAAATCCGCTT-1,2
TCCTTTCTTACGCTTA-1,3
TCGAAATTTAGGACCA-1,1
TCGAAGAACCGAGCAC-1,4
TCGAATATCCCGCAGG-1,4
TCGAGACCAACACCGT-1,4
TCGAGCCAGGCAGGCC-1,1
TCGATAGGCTAGTCGC-1,8
TCGCAAAGATGCATTT-1,3
TCGCACCAGGAGGCAG-1,3
TCGCATCCCTAAGTGT-1,3
TCGCCGAAGTTGCGTC-1,6
TCGCCGACATATTCGC-1,8
TCGCCGGTCGATCCGT-1,7
TCGCGTAGCAGTGTCC-1,3
TCGCGTCCAGAAGGTC-1,2
TCGCTAAACCGCTATC-1,3
TCGCTACTGGCTTTGA-1,3
TCGCTCGATATATTCC-1,1
TCGCTCGGCACCAGCG-1,2
TCGCTGCCAATGCTGT-1,2
TCGCTGGGCGGATTGT-1,1
TCGCTGTGCGTAAATC-1,1
TCGCTTTAAACGTTTG-1,6
TCGGAATGCGCTCTGA-1,2
TCGGACGCCCAGCCCA-1,1
TCGGAGAGTATCGGGA-1,8
TCGGAGTACATGAGTA-1,1
TCGGCGAACCCAAACC-1,1
TCGGCGTACTGCACAA-1,2
TCGGCTTGTATCGACG-1,2
TCGGGAACGTGCCTAG-1,5
TCGGGAGACAGCGTAC-1,3
TCGGGATTCAAACATA-1,2
TCGGGCCGTCGTGGTA-1,3
TCGGGTGAAACTGCTA-1,8
TCGGTCCCGACAATAG-1,4
TCGTAAGACGACATTG-1,1
TCGTACCGACGTCAAG-1,1
TCGTATAGTGCAATTA-1,2
TCGTATTACCCATTGC-1,2
TCGTCAAGTACGCGCA-1,1
TCGTCCGCTGGCGTCT-1,6
TCGTCTTAGGCGTTAA-1,7
TCGTGTACTATGGATG-1,7
TCGTGTCACGCTGACA-1,7
TCGTTAGGAGTCCCTA-1,2
TCGTTCGTTATTATGT-1,2
TCGTTGCTATCCGGTC-1,1
TCTAATACTGCCTCAG-1,4
TCTACCGTCCACAAGC-1,1
TCTAGCAATCTCCGCC-1,2
TCTAGCATCTTCGATG-1,1
TCTAGCATGCCCAGAA-1,3
TCTAGGTGGCGACGCT-1,4
TCTAGTGATATCGTGG-1,4
TCTATCATGCAGTTAC-1,1
TCTATCGGTCGCAACA-1,1
TCTATTACGCTGGCGA-1,5
TCTATTACTAGAGGAT-1,8
TCTCATGAGATAGGGT-1,4
TCTCCACAAGTTGAAT-1,2
TCTCGACGTATCGCCG-1,6
TCTCTAATAGCTGGTA-1,1
TCTCTTACCGCGAACC-1,3
TCTGAACCGGTCGGCT-1,3
TCTGAACTCGTACCCG-1,4
TCTGAATTCCGTACAA-1,3
TCTGCCAGAAACTGCA-1,1
TCTGGGTAGCGCTCAT-1,7
TCTGTCATACAAGAGC-1,1
TCTGTGCCATCATAGT-1,1
TCTGTTACCCAGCATA-1,4
TCTTACAGAGGTACCG-1,3
TCTTACCGGAACTCGT-1,3
TCTTACGGCATCCGAC-1,5
TCTTACTTATGCCTCT-1,4
TCTTAGAGCTCCAATT-1,6
TCTTAGAGTGAACTCT-1,4
TCTTCCCATGGGCACA-1,4
TCTTCGAATAGACGTT-1,3
TCTTCGATACCAATAA-1,3
TCTTCTATAACCCGCC-1,6
TCTTGATGCGTAGCGA-1,3
TCTTGCTCCCGATACT-1,3
TCTTGGTAACACCAAA-1,1
TGAAACTTATGCAAGC-1,5
TGAAAGGACCTGACTC-1,1
TGAACAAGCAGGGACT-1,5
TGAATACCGACGCGTA-1,2
TGAATGTCAGCCGGCC-1,6
TGACATCGAGCGGACC-1,4
TGACATGTAACGTGAC-1,2
TGACCAAATCTTAAAC-1,3
TGACCCACGTTAGACA-1,3
TGACGAATATTTCCCT-1,2
TGACGATGCACTAGAA-1,1
TGACTATAATCCTTTC-1,3
TGAGAATGCTTTACCG-1,3
TGAGAGATTTACCACG-1,1
TGAGATCAAATACTCA-1,2
TGAGATTAGGCCCTAA-1,1
TGAGCCATACAGTCTC-1,7
TGAGCGGAAAGTGTTC-1,1
TGAGTAAATTAGCGTA-1,1
TGAGTGCCTCTTAAAT-1,6
TGAGTGGTCCGTGACG-1,6
TGAGTTAAAGACATTC-1,6
TGATAGCGGGATTCTA-1,2
TGATCAGGGAACTGCT-1,2
TGATCCCAGCATTAGT-1,4
TGATCGGTTTGACCCT-1,6
TGATCTACGCTGATCT-1,2
TGATCTCCGGCGCCAG-1,6
TGATTCCCGGTTACCT-1,7
TGATTCGTCTATCACT-1,6
TGATTCTGTCGCCGGT-1,5
TGATTTATTAGCTGTG-1,7
TGATTTCCTCCTGACG-1,5
TGCAACCCATCTGCGG-1,2
TGCAAGAATGACGTAA-1,1
TGCAATCTAACACGGT-1,2
TGCAGAACTATATCGT-1,2
TGCAGAGTACCGAGCA-1,1
TGCAGATCGTCCTAGG-1,2
TGCAGCTACGTACTTC-1,2
TGCAGGATCGGCAAAG-1,1
TGCAGTTTCCTCCCAT-1,1
TGCATATGTCTGTCAC-1,7
TGCATGGATCGGATCT-1,3
TGCATGTGACCCATAG-1,2
TGCATGTGGTAATCTA-1,1
TGCCAAAGTCAGACTT-1,2
TGCCAATGGGTACTCT-1,3
TGCCACCTGGCGAAAC-1,1
TGCCAGTACGTGGAGA-1,1
TGCCATTACTAAAGAA-1,3
TGCCCGTACCGTTAAA-1,3
TGCCGGATGTACGAGC-1,2
TGCCTAATTGAAGATT-1,7
TGCCTGATCAAACGAT-1,6
TGCCTTGGCCAGGCAA-1,7
TGCGAATATGGGATTT-1,2
TGCGACACCCTAGTGC-1,3
TGCGACGGCCGAACGT-1,4
TGCGAGAATATTACCC-1,2
TGCGCAAAGCATTTGG-1,3
TGCGCGATTAACGGAG-1,5
TGCGGACTTGACTCCG-1,2
TGCGGAGTAAAGGTGC-1,1
TGCGGCATAGTTCAAC-1,5
TGCGGTGAAATTTCAT-1,3
TGCGTAAGAACCTGAT-1,6
TGCGTCATGACTGAGC-1,2
TGCGTTTGTTGACACT-1,3
TGCTAAGTGTCTATTT-1,2
TGCTCCACAGTTCTTA-1,4
TGCTCGGTGGGTCACC-1,3
TGCTCTTGAGAGTTTG-1,3
TGCTGGTTGGACAATT-1,6
TGCTGTTGAAGAACTC-1,1
TGCTTAGAGAGAATGC-1,2
TGCTTCCCAAGCAGTA-1,7
TGGAACCACTGACACA-1,2
TGGAAGAAGGGAACGT-1,7
TGGAAGACGAACACCA-1,7
TGGAAGGATAAAGATG-1,6
TGGAATATCCTTGACC-1,8
TGGACCAATCTAAGAT-1,1
TGGACGCAATCCAGCC-1,2
TGGACTGTTCGCTCAA-1,1
TGGAGTGATGCGATGA-1,5
TGGCAAACTAAATTAC-1,3
TGGCAACTCGCGCGCC-1,3
TGGCAATGGGACGGCG-1,4
TGGCAGATTACGATCA-1,3
TGGCAGCAGTAATAGT-1,1
TGGCCAAACTGAAGTA-1,2
TGGCCAATTTGGTACT-1,2
TGGCCGTATATTGACC-1,5
TGGCGATCAAGTTATG-1,2
TGGCTATGTGACATAC-1,2
TGGCTCTTGTCGCGTA-1,2
TGGCTTTGGGTAGACA-1,1
TGGGAAATGCCTTTCC-1,5
TGGGCAATAGTTGGGT-1,6
TGGGCACAAACAGAAC-1,2
TGGGCACGTTCTATGG-1,3
TGGGCCACAAGAGCGC-1,1
TGGGCCCATACTAATT-1,4
TGGGCGATACAATAAG-1,1
TGGGTAAGGTTCCCGC-1,3
TGGTAAGCAGGATTGA-1,4
TGGTAGAATATATGGG-1,4
TGGTATCGCATCCCAA-1,2
TGGTATCGGTCTGTAT-1,2
TGGTCCCACGCTACGG-1,3
TGGTCTGTTGGGCGTA-1,1
TGGTGATCGTATTTGT-1,2
TGGTTCAACGGGTAAT-1,2
TGGTTCGTAGCAAAGG-1,5
TGTAATGACCACAATA-1,1
TGTACCTACACGAGGG-1,2
TGTACGAACAAATCCG-1,7
TGTAGGAGAAATTTCC-1,6
TGTAGTGATCTATAAT-1,6
TGTATAACAGATCCTG-1,8
TGTATCCTTATTCCAT-1,1
TGTATGGCGCAGACAG-1,4
TGTCCCGACATAGCAC-1,2
TGTCCGTGGCGCCTTT-1,5
TGTCCTAAGTCACCGC-1,1
TGTCTACAGTTTCTGT-1,1
TGTGACTACGCCAGTC-1,1
TGTGCCGGTGCCGGAA-1,4
TGTGCTTTACGTAAGA-1,3
TGTGGCAAAGCGTATG-1,3
TGTGGCGGGCTTCTGG-1,3
TGTGGTTGCTAAAGCT-1,7
TGTGTCGCGAGTTGCA-1,1
TGTGTTCGTATCCAAG-1,5
TGTTATTGTATGTGGC-1,4
TGTTCCGCTTCCATGA-1,1
TGTTCGTATTGCGGTG-1,3
TGTTCTTCCATTGACT-1,1
TGTTGTCAAGAAGTCT-1,3
TGTTTAATACTTCATC-1,5
TGTTTCGGTACTTCTC-1,3
TTAAACCTGGTTCCTT-1,7
TTAAACTCGAATTCAT-1,4
TTAACACCTCGAACAT-1,2
TTAACCAACCCTCCCT-1,3
TTAACGTCGCAAGACC-1,2
TTAACTTCAGGTAGGA-1,2
TTAAGATAGGATTGAC-1,4
TTAAGCCGACAACTTC-1,3
TTAAGCGCCTGACCCA-1,5
TTAAGGCCCGTACTTT-1,4
TTAATGTAGACCAGGT-1,1
TTAATTGCTTTGGGTG-1,3
TTAATTTCAGACGCGG-1,3
TTACAACTACGCATCC-1,8
TTACAGACCTAAATGA-1,1
TTACATCGTGGCCTGG-1,6
TTACATGCCACAACTA-1,6
TTACCATTGATTACCC-1,5
TTACCCATTGCCGGGT-1,7
TTACCCTAACAGTCCT-1,3
TTACCCTAGGGATTGG-1,7
TTACTAAAGGACTTTA-1,2
TTACTATCGGCTTCTC-1,3
TTACTCCGGCCGGGAA-1,1
TTACTCTGGTACGTAC-1,6
TTACTGGGATATTTCA-1,7
TTAGAAGAACATGACT-1,2
TTAGAATAAGGGTCGG-1,7
TTAGACACGATCGTTG-1,7
TTAGACGAGTCACCTC-1,2
TTAGAGTTTAGAAGGA-1,4
TTAGCAACATGGATGT-1,5
TTAGCTAATACGATCT-1,2
TTAGCTCTGTAATCCG-1,5
TTAGCTGATTTGCCGT-1,1
TTAGGTCATAACCGAC-1,4
TTAGTAAACCTGCTCT-1,2
TTAGTAGGGCGGCGGG-1,8
TTAGTTATTCGTGGCA-1,4
TTATAGGTAATTGTCT-1,3
TTATATACGCTGTCAC-1,1
TTATATTTGGCAATCC-1,1
TTATCCAATCGAACTC-1,6
TTATCCGGGATCTATA-1,1
TTATCCTCAAGGAATA-1,2
TTATCGCCTGCGAAGC-1,5
TTATCTGTATCATAAC-1,1
TTATGAATGAAAGGGA-1,3
TTATGACAAACTGGAT-1,5
TTATGATCTTAACGAA-1,5
TTATTAGAGCGTGTTC-1,3
TTATTAGGGAAGCATC-1,3
TTCAAAGTCTCTAGCC-1,1
TTCAACGACCCGACCG-1,2
TTCAAGCCGAGCTGAG-1,3
TTCAATACTCTGAATC-1,8
TTCACTCGAGCACCTA-1,1
TTCACTTCCTAGAACG-1,3
TTCAGCCCTGGTCCAC-1,4
TTCAGCTGGCGTGCCC-1,4
TTCAGGCGTCAAAGCC-1,8
TTCATGGCGCAACAGG-1,1
TTCCAATCAGAGCTAG-1,2
TTCCAATCTGGCTATC-1,2
TTCCACACAGATTTGA-1,2
TTCCAGACGAGATTTA-1,6
TTCCCGGCGCCAATAG-1,2
TTCCGCAGAGAAATAT-1,2
TTCCGCGTGAGGCGAT-1,3
TTCCGGCCTTGAGGCT-1,4
TTCCGGTATCTGTGTC-1,6
TTCCGGTTACCCACTT-1,4
TTCCTCGAGGGTGTCT-1,1
TTCCTCGGACTAACCA-1,1
TTCCTCTGCCCGAATA-1,3
TTCGACAGAGCCCGTG-1,8
TTCGACGGGAAGGGCG-1,1
TTCGCACTCGCGTGCT-1,8
TTCGCACTGTACGACA-1,7
TTCGCGCGCCATACGA-1,7
TTCGCTATCTGACGTG-1,2
TTCGGCAACCCGCTGA-1,7
TTCGGCTAGAGATGGT-1,5
TTCGGGACTAATCGCG-1,3
TTCGGGCGCTAGTCTT-1,4
TTCGGTACTGTAGAGG-1,1
TTCGTAATCCCAGCGG-1,3
TTCGTACTCCAGAACG-1,2
TTCGTTCAACGAAGTT-1,2
TTCTAACCGAAGCTTA-1,3
TTCTACTTGCGAGGGC-1,6
TTCTAGAAAGTCTTAT-1,7
TTCTAGGCCAATTGTG-1,1
TTCTGCCGCGCCTAGA-1,1
TTCTGCGAGCGCCCTT-1,5
TTCTGCGGGTTAGCGG-1,1
TTCTGCTAGACTCCAA-1,4
TTCTTAGTGAACGGTG-1,6
TTCTTAGTGGCTCAGA-1,7
TTCTTGAGCCGCGCTA-1,1
TTCTTGGACGATCTGC-1,3
TTCTTGGAGTAATGAG-1,3
TTCTTGTAACCTAATG-1,6
TTCTTTGGTCGCGACG-1,2
TTGAACGAATCCTTTG-1,2
TTGAACGACGTGCTGA-1,2
TTGAAGAATTCCCAGG-1,7
TTGAATATGGACTTTC-1,1
TTGAATCGTTGTATAA-1,2
TTGACAGGAGCTCCCG-1,4
TTGACATGAACGTGGA-1,6
TTGACCAGGAACAACT-1,1
TTGACCATGTTCTCCG-1,6
TTGACCGTGTTAATGA-1,4
TTGACGATTCAGCACG-1,2
TTGACGCTCCATGAGC-1,6
TTGACTACCATATGGT-1,6
TTGACTATTGTCCGGC-1,1
TTGAGAGTACTGCTAA-1,6
TTGATCTAACTTTGTC-1,6
TTGATGTGTAGTCCCG-1,1
TTGATTAGCTGTTTCT-1,2
TTGATTATGCAGATGA-1,2
TTGCACAATTCAGAAA-1,3
TTGCACGGAGCAGCAC-1,3
TTGCATGCTGATCACG-1,7
TTGCCAAGCAGAACCC-1,6
TTGCCATAGCCCGCTC-1,2
TTGCCCTGATCACGGG-1,7
TTGCCGCTTTCTAGTA-1,3
TTGCGGCATCAGAAAG-1,4
TTGCGTCGGCCAACCG-1,2
TTGCGTGAACGCTTAG-1,1
TTGCTCCCATACCGGA-1,1
TTGCTGAAGGAACCAC-1,3
TTGCTGATCATGTTCG-1,3
TTGGAAGAATACAGTC-1,2
TTGGACATGTGGCTTA-1,5
TTGGACCATCTGGCAA-1,7
TTGGACCTATAACAGT-1,1
TTGGAGTCTCCCTTCT-1,2
TTGGATATCGTCTACG-1,1
TTGGATCGACTTCTGG-1,2
TTGGATTGGGTACCAC-1,3
TTGGCCTAGAATTTCG-1,7
TTGGCTCGCATGAGAC-1,6
TTGGGAAGACGAGCCG-1,2
TTGGGACACTGCCCGC-1,1
TTGGGACGTAAGAGTT-1,3
TTGGGCGGCGGTTGCC-1,2
TTGGTCACACTCGTAA-1,1
TTGGTTGCGGTGCGCG-1,2
TTGTAAGGACCTAAGT-1,5
TTGTAAGGCCAGTTGG-1,1
TTGTAATCCGTACTCG-1,7
TTGTATCACACAGAAT-1,1
TTGTCGTTCAGTTACC-1,1
TTGTGAACCTAATCCG-1,4
TTGTGAGGCATGACGC-1,2
TTGTGCAGCCACGTCA-1,3
TTGTGGCCCTGACAGT-1,7
TTGTGGTAGGAGGGAT-1,2
TTGTGTATGCCACCAA-1,3
TTGTGTTTCCCGAAAG-1,2
TTGTTAGCAAATTCGA-1,6
TTGTTCAGTGTGCTAC-1,1
TTGTTGTGTGTCAAGA-1,5
TTGTTTCACATCCAGG-1,7
TTGTTTCATTAGTCTA-1,8
TTGTTTCCATACAACT-1,2
